Time,ZONE_0:BEIJING ANN HTG 99.6% CONDNS DB:Des Heat Load [W],ZONE_0:BEIJING ANN CLG .4% CONDNS DB=>MWB:Des Sens Cool Load [W],ZONE_0:BEIJING ANN HTG 99.6% CONDNS DB:Des Heat Mass Flow [kg/s],ZONE_0:BEIJING ANN CLG .4% CONDNS DB=>MWB:Des Cool Mass Flow [kg/s],ZONE_0::Des Latent Heat Load [W],ZONE_0::Des Latent Cool Load [W],ZONE_0::Des Latent Heat Mass Flow [kg/s],ZONE_0::Des Latent Cool Mass Flow [kg/s],ZONE_0::Des Heat Load No DOAS [W],ZONE_0::Des Sens Cool Load No DOAS [W],ZONE_0::Des Latent Heat Load No DOAS [W],ZONE_0::Des Latent Cool Load No DOAS [W],ZONE_0:BEIJING ANN HTG 99.6% CONDNS DB:Heating Zone Temperature [C],ZONE_0:BEIJING ANN HTG 99.6% CONDNS DB:Heating Zone Relative Humidity [%],ZONE_0:BEIJING ANN CLG .4% CONDNS DB=>MWB:Cooling Zone Temperature [C],ZONE_0:BEIJING ANN CLG .4% CONDNS DB=>MWB:Cooling Zone Relative Humidity [%],ZONE_1:BEIJING ANN HTG 99.6% CONDNS DB:Des Heat Load [W],ZONE_1:BEIJING ANN CLG .4% CONDNS DB=>MWB:Des Sens Cool Load [W],ZONE_1:BEIJING ANN HTG 99.6% CONDNS DB:Des Heat Mass Flow [kg/s],ZONE_1:BEIJING ANN CLG .4% CONDNS DB=>MWB:Des Cool Mass Flow [kg/s],ZONE_1::Des Latent Heat Load [W],ZONE_1::Des Latent Cool Load [W],ZONE_1::Des Latent Heat Mass Flow [kg/s],ZONE_1::Des Latent Cool Mass Flow [kg/s],ZONE_1::Des Heat Load No DOAS [W],ZONE_1::Des Sens Cool Load No DOAS [W],ZONE_1::Des Latent Heat Load No DOAS [W],ZONE_1::Des Latent Cool Load No DOAS [W],ZONE_1:BEIJING ANN HTG 99.6% CONDNS DB:Heating Zone Temperature [C],ZONE_1:BEIJING ANN HTG 99.6% CONDNS DB:Heating Zone Relative Humidity [%],ZONE_1:BEIJING ANN CLG .4% CONDNS DB=>MWB:Cooling Zone Temperature [C],ZONE_1:BEIJING ANN CLG .4% CONDNS DB=>MWB:Cooling Zone Relative Humidity [%]
00:10:00,5.994898E+03,1.405491E+03,3.092774E-01,1.084522E-01,0.000000E+00,0.000000E+00,0.000000E+00,0.000000E+00,0.000000E+00,0.000000E+00,0.000000E+00,0.000000E+00,2.099113E+01,4.621356E+01,2.669744E+01,4.271390E+01,5.991685E+03,1.373841E+03,3.091117E-01,1.060100E-01,0.000000E+00,0.000000E+00,0.000000E+00,0.000000E+00,0.000000E+00,0.000000E+00,0.000000E+00,0.000000E+00,2.099113E+01,4.621100E+01,2.669744E+01,4.277554E+01
00:20:00,5.994186E+03,1.383907E+03,3.092407E-01,1.067868E-01,0.000000E+00,0.000000E+00,0.000000E+00,0.000000E+00,0.000000E+00,0.000000E+00,0.000000E+00,0.000000E+00,2.099113E+01,4.621360E+01,2.669745E+01,4.273605E+01,5.990960E+03,1.353274E+03,3.090743E-01,1.044230E-01,0.000000E+00,0.000000E+00,0.000000E+00,0.000000E+00,0.000000E+00,0.000000E+00,0.000000E+00,0.000000E+00,2.099113E+01,4.621105E+01,2.669745E+01,4.279748E+01
00:30:00,5.993479E+03,1.361682E+03,3.092042E-01,1.050718E-01,0.000000E+00,0.000000E+00,0.000000E+00,0.000000E+00,0.000000E+00,0.000000E+00,0.000000E+00,0.000000E+00,2.099113E+01,4.621365E+01,2.669747E+01,4.275357E+01,5.990239E+03,1.332068E+03,3.090371E-01,1.027867E-01,0.000000E+00,0.000000E+00,0.000000E+00,0.000000E+00,0.000000E+00,0.000000E+00,0.000000E+00,0.000000E+00,2.099113E+01,4.621110E+01,2.669747E+01,4.281463E+01
00:40:00,5.992775E+03,1.339032E+03,3.091679E-01,1.033240E-01,0.000000E+00,0.000000E+00,0.000000E+00,0.000000E+00,0.000000E+00,0.000000E+00,0.000000E+00,0.000000E+00,2.099113E+01,4.621370E+01,2.669748E+01,4.277690E+01,5.989522E+03,1.310435E+03,3.090001E-01,1.011173E-01,0.000000E+00,0.000000E+00,0.000000E+00,0.000000E+00,0.000000E+00,0.000000E+00,0.000000E+00,0.000000E+00,2.099113E+01,4.621114E+01,2.669748E+01,4.283747E+01
00:50:00,5.992077E+03,1.316138E+03,3.091319E-01,1.015574E-01,0.000000E+00,0.000000E+00,0.000000E+00,0.000000E+00,0.000000E+00,0.000000E+00,0.000000E+00,0.000000E+00,2.099113E+01,4.621374E+01,2.669750E+01,4.280836E+01,5.988810E+03,1.288556E+03,3.089634E-01,9.942901E-02,0.000000E+00,0.000000E+00,0.000000E+00,0.000000E+00,0.000000E+00,0.000000E+00,0.000000E+00,0.000000E+00,2.099113E+01,4.621119E+01,2.669750E+01,4.286839E+01
01:00:00,5.991382E+03,1.293159E+03,3.090961E-01,9.978419E-02,0.000000E+00,0.000000E+00,0.000000E+00,0.000000E+00,0.000000E+00,0.000000E+00,0.000000E+00,0.000000E+00,2.099113E+01,4.621378E+01,2.669751E+01,4.284607E+01,5.988103E+03,1.266599E+03,3.089269E-01,9.773466E-02,0.000000E+00,0.000000E+00,0.000000E+00,0.000000E+00,0.000000E+00,0.000000E+00,0.000000E+00,0.000000E+00,2.099113E+01,4.621123E+01,2.669750E+01,4.290554E+01
01:10:00,5.991439E+03,1.273429E+03,3.090990E-01,9.826162E-02,0.000000E+00,0.000000E+00,0.000000E+00,0.000000E+00,0.000000E+00,0.000000E+00,0.000000E+00,0.000000E+00,2.099113E+01,4.621383E+01,2.669751E+01,4.288758E+01,5.988160E+03,1.247641E+03,3.089298E-01,9.627181E-02,0.000000E+00,0.000000E+00,0.000000E+00,0.000000E+00,0.000000E+00,0.000000E+00,0.000000E+00,0.000000E+00,2.099113E+01,4.621128E+01,2.669749E+01,4.294651E+01
01:20:00,5.991495E+03,1.253989E+03,3.091018E-01,9.676155E-02,0.000000E+00,0.000000E+00,0.000000E+00,0.000000E+00,0.000000E+00,0.000000E+00,0.000000E+00,0.000000E+00,2.099113E+01,4.621387E+01,2.669749E+01,4.293046E+01,5.988216E+03,1.228916E+03,3.089327E-01,9.482684E-02,0.000000E+00,0.000000E+00,0.000000E+00,0.000000E+00,0.000000E+00,0.000000E+00,0.000000E+00,0.000000E+00,2.099113E+01,4.621132E+01,2.669751E+01,4.298871E+01
01:30:00,5.991550E+03,1.234858E+03,3.091047E-01,9.528526E-02,0.000000E+00,0.000000E+00,0.000000E+00,0.000000E+00,0.000000E+00,0.000000E+00,0.000000E+00,0.000000E+00,2.099113E+01,4.621391E+01,2.669751E+01,4.297350E+01,5.988272E+03,1.210456E+03,3.089356E-01,9.340230E-02,0.000000E+00,0.000000E+00,0.000000E+00,0.000000E+00,0.000000E+00,0.000000E+00,0.000000E+00,0.000000E+00,2.099113E+01,4.621136E+01,2.669752E+01,4.303134E+01
01:40:00,5.991604E+03,1.216061E+03,3.091075E-01,9.383481E-02,0.000000E+00,0.000000E+00,0.000000E+00,0.000000E+00,0.000000E+00,0.000000E+00,0.000000E+00,0.000000E+00,2.099113E+01,4.621395E+01,2.669753E+01,4.301681E+01,5.988327E+03,1.192295E+03,3.089384E-01,9.200089E-02,0.000000E+00,0.000000E+00,0.000000E+00,0.000000E+00,0.000000E+00,0.000000E+00,0.000000E+00,0.000000E+00,2.099113E+01,4.621141E+01,2.669754E+01,4.307440E+01
01:50:00,5.991658E+03,1.197626E+03,3.091103E-01,9.241222E-02,0.000000E+00,0.000000E+00,0.000000E+00,0.000000E+00,0.000000E+00,0.000000E+00,0.000000E+00,0.000000E+00,2.099113E+01,4.621400E+01,2.669754E+01,4.306067E+01,5.988381E+03,1.174457E+03,3.089412E-01,9.062444E-02,0.000000E+00,0.000000E+00,0.000000E+00,0.000000E+00,0.000000E+00,0.000000E+00,0.000000E+00,0.000000E+00,2.099113E+01,4.621145E+01,2.669754E+01,4.311805E+01
02:00:00,5.991711E+03,1.179562E+03,3.091130E-01,9.101832E-02,0.000000E+00,0.000000E+00,0.000000E+00,0.000000E+00,0.000000E+00,0.000000E+00,0.000000E+00,0.000000E+00,2.099113E+01,4.621404E+01,2.669755E+01,4.310521E+01,5.988435E+03,1.156945E+03,3.089440E-01,8.927307E-02,0.000000E+00,0.000000E+00,0.000000E+00,0.000000E+00,0.000000E+00,0.000000E+00,0.000000E+00,0.000000E+00,2.099113E+01,4.621149E+01,2.669755E+01,4.316241E+01
02:10:00,5.991763E+03,1.161737E+03,3.091157E-01,8.964281E-02,0.000000E+00,0.000000E+00,0.000000E+00,0.000000E+00,0.000000E+00,0.000000E+00,0.000000E+00,0.000000E+00,2.099113E+01,4.621408E+01,2.669756E+01,4.315044E+01,5.988488E+03,1.139635E+03,3.089468E-01,8.793730E-02,0.000000E+00,0.000000E+00,0.000000E+00,0.000000E+00,0.000000E+00,0.000000E+00,0.000000E+00,0.000000E+00,2.099113E+01,4.621153E+01,2.669756E+01,4.320744E+01
02:20:00,5.991815E+03,1.144169E+03,3.091184E-01,8.828713E-02,0.000000E+00,0.000000E+00,0.000000E+00,0.000000E+00,0.000000E+00,0.000000E+00,0.000000E+00,0.000000E+00,2.099113E+01,4.621412E+01,2.669756E+01,4.319585E+01,5.988541E+03,1.122601E+03,3.089495E-01,8.662289E-02,0.000000E+00,0.000000E+00,0.000000E+00,0.000000E+00,0.000000E+00,0.000000E+00,0.000000E+00,0.000000E+00,2.099113E+01,4.621157E+01,2.669757E+01,4.325263E+01
02:30:00,5.991866E+03,1.126925E+03,3.091210E-01,8.695647E-02,0.000000E+00,0.000000E+00,0.000000E+00,0.000000E+00,0.000000E+00,0.000000E+00,0.000000E+00,0.000000E+00,2.099113E+01,4.621416E+01,2.669757E+01,4.324116E+01,5.988593E+03,1.105894E+03,3.089521E-01,8.533366E-02,0.000000E+00,0.000000E+00,0.000000E+00,0.000000E+00,0.000000E+00,0.000000E+00,0.000000E+00,0.000000E+00,2.099113E+01,4.621161E+01,2.669757E+01,4.329769E+01
02:40:00,5.991917E+03,1.110048E+03,3.091236E-01,8.565421E-02,0.000000E+00,0.000000E+00,0.000000E+00,0.000000E+00,0.000000E+00,0.000000E+00,0.000000E+00,0.000000E+00,2.099113E+01,4.621420E+01,2.669757E+01,4.328636E+01,5.988644E+03,1.089547E+03,3.089548E-01,8.407223E-02,0.000000E+00,0.000000E+00,0.000000E+00,0.000000E+00,0.000000E+00,0.000000E+00,0.000000E+00,0.000000E+00,2.099113E+01,4.621165E+01,2.669758E+01,4.334262E+01
02:50:00,5.991967E+03,1.093568E+03,3.091262E-01,8.438248E-02,0.000000E+00,0.000000E+00,0.000000E+00,0.000000E+00,0.000000E+00,0.000000E+00,0.000000E+00,0.000000E+00,2.099113E+01,4.621423E+01,2.669758E+01,4.333150E+01,5.988695E+03,1.073587E+03,3.089574E-01,8.284070E-02,0.000000E+00,0.000000E+00,0.000000E+00,0.000000E+00,0.000000E+00,0.000000E+00,0.000000E+00,0.000000E+00,2.099113E+01,4.621169E+01,2.669758E+01,4.338747E+01
03:00:00,5.992016E+03,1.077506E+03,3.091288E-01,8.314305E-02,0.000000E+00,0.000000E+00,0.000000E+00,0.000000E+00,0.000000E+00,0.000000E+00,0.000000E+00,0.000000E+00,2.099113E+01,4.621427E+01,2.669758E+01,4.337664E+01,5.988745E+03,1.058037E+03,3.089600E-01,8.164076E-02,0.000000E+00,0.000000E+00,0.000000E+00,0.000000E+00,0.000000E+00,0.000000E+00,0.000000E+00,0.000000E+00,2.099113E+01,4.621173E+01,2.669759E+01,4.343231E+01
03:10:00,5.992065E+03,1.061746E+03,3.091313E-01,8.192692E-02,0.000000E+00,0.000000E+00,0.000000E+00,0.000000E+00,0.000000E+00,0.000000E+00,0.000000E+00,0.000000E+00,2.099113E+01,4.621431E+01,2.669759E+01,4.342181E+01,5.988794E+03,1.042779E+03,3.089625E-01,8.046341E-02,0.000000E+00,0.000000E+00,0.000000E+00,0.000000E+00,0.000000E+00,0.000000E+00,0.000000E+00,0.000000E+00,2.099113E+01,4.621177E+01,2.669759E+01,4.347714E+01
03:20:00,5.992114E+03,1.046292E+03,3.091338E-01,8.073448E-02,0.000000E+00,0.000000E+00,0.000000E+00,0.000000E+00,0.000000E+00,0.000000E+00,0.000000E+00,0.000000E+00,2.099113E+01,4.621435E+01,2.669759E+01,4.346697E+01,5.988844E+03,1.027820E+03,3.089651E-01,7.930906E-02,0.000000E+00,0.000000E+00,0.000000E+00,0.000000E+00,0.000000E+00,0.000000E+00,0.000000E+00,0.000000E+00,2.099113E+01,4.621180E+01,2.669759E+01,4.352196E+01
03:30:00,5.992162E+03,1.031153E+03,3.091363E-01,7.956626E-02,0.000000E+00,0.000000E+00,0.000000E+00,0.000000E+00,0.000000E+00,0.000000E+00,0.000000E+00,0.000000E+00,2.099113E+01,4.621438E+01,2.669759E+01,4.351211E+01,5.988892E+03,1.013166E+03,3.089676E-01,7.817833E-02,0.000000E+00,0.000000E+00,0.000000E+00,0.000000E+00,0.000000E+00,0.000000E+00,0.000000E+00,0.000000E+00,2.099113E+01,4.621184E+01,2.669760E+01,4.356673E+01
03:40:00,5.992209E+03,1.016334E+03,3.091387E-01,7.842280E-02,0.000000E+00,0.000000E+00,0.000000E+00,0.000000E+00,0.000000E+00,0.000000E+00,0.000000E+00,0.000000E+00,2.099113E+01,4.621442E+01,2.669760E+01,4.355718E+01,5.988940E+03,9.988268E+02,3.089701E-01,7.707186E-02,0.000000E+00,0.000000E+00,0.000000E+00,0.000000E+00,0.000000E+00,0.000000E+00,0.000000E+00,0.000000E+00,2.099113E+01,4.621188E+01,2.669760E+01,4.361141E+01
03:50:00,5.992256E+03,1.001843E+03,3.091411E-01,7.730463E-02,0.000000E+00,0.000000E+00,0.000000E+00,0.000000E+00,0.000000E+00,0.000000E+00,0.000000E+00,0.000000E+00,2.099113E+01,4.621446E+01,2.669760E+01,4.360214E+01,5.988988E+03,9.848111E+02,3.089725E-01,7.599036E-02,0.000000E+00,0.000000E+00,0.000000E+00,0.000000E+00,0.000000E+00,0.000000E+00,0.000000E+00,0.000000E+00,2.099113E+01,4.621192E+01,2.669760E+01,4.365594E+01
04:00:00,5.992302E+03,9.876880E+02,3.091435E-01,7.621234E-02,0.000000E+00,0.000000E+00,0.000000E+00,0.000000E+00,0.000000E+00,0.000000E+00,0.000000E+00,0.000000E+00,2.099113E+01,4.621449E+01,2.669760E+01,4.364695E+01,5.989035E+03,9.711299E+02,3.089749E-01,7.493467E-02,0.000000E+00,0.000000E+00,0.000000E+00,0.000000E+00,0.000000E+00,0.000000E+00,0.000000E+00,0.000000E+00,2.099113E+01,4.621195E+01,2.669760E+01,4.370029E+01
04:10:00,5.992348E+03,9.740177E+02,3.091459E-01,7.515750E-02,0.000000E+00,0.000000E+00,0.000000E+00,0.000000E+00,0.000000E+00,0.000000E+00,0.000000E+00,0.000000E+00,2.099113E+01,4.621453E+01,2.669760E+01,4.369155E+01,5.989081E+03,9.579395E+02,3.089774E-01,7.391686E-02,0.000000E+00,0.000000E+00,0.000000E+00,0.000000E+00,0.000000E+00,0.000000E+00,0.000000E+00,0.000000E+00,2.099113E+01,4.621199E+01,2.669760E+01,4.374439E+01
04:20:00,5.992394E+03,9.608576E+02,3.091482E-01,7.414203E-02,0.000000E+00,0.000000E+00,0.000000E+00,0.000000E+00,0.000000E+00,0.000000E+00,0.000000E+00,0.000000E+00,2.099113E+01,4.621456E+01,2.669760E+01,4.373536E+01,5.989128E+03,9.452838E+02,3.089797E-01,7.294032E-02,0.000000E+00,0.000000E+00,0.000000E+00,0.000000E+00,0.000000E+00,0.000000E+00,0.000000E+00,0.000000E+00,2.099113E+01,4.621202E+01,2.669759E+01,4.378761E+01
04:30:00,5.992439E+03,9.482569E+02,3.091506E-01,7.316973E-02,0.000000E+00,0.000000E+00,0.000000E+00,0.000000E+00,0.000000E+00,0.000000E+00,0.000000E+00,0.000000E+00,2.099113E+01,4.621460E+01,2.669759E+01,4.377807E+01,5.989173E+03,9.330284E+02,3.089821E-01,7.199467E-02,0.000000E+00,0.000000E+00,0.000000E+00,0.000000E+00,0.000000E+00,0.000000E+00,0.000000E+00,0.000000E+00,2.099113E+01,4.621206E+01,2.669758E+01,4.382958E+01
04:40:00,5.992484E+03,9.359999E+02,3.091529E-01,7.222397E-02,0.000000E+00,0.000000E+00,0.000000E+00,0.000000E+00,0.000000E+00,0.000000E+00,0.000000E+00,0.000000E+00,2.099113E+01,4.621463E+01,2.669758E+01,4.381953E+01,5.989219E+03,9.210238E+02,3.089844E-01,7.106836E-02,0.000000E+00,0.000000E+00,0.000000E+00,0.000000E+00,0.000000E+00,0.000000E+00,0.000000E+00,0.000000E+00,2.099113E+01,4.621209E+01,2.669761E+01,4.387067E+01
04:50:00,5.992528E+03,9.240006E+02,3.091551E-01,7.129805E-02,0.000000E+00,0.000000E+00,0.000000E+00,0.000000E+00,0.000000E+00,0.000000E+00,0.000000E+00,0.000000E+00,2.099113E+01,4.621467E+01,2.669762E+01,4.386048E+01,5.989263E+03,9.092311E+02,3.089867E-01,7.015836E-02,0.000000E+00,0.000000E+00,0.000000E+00,0.000000E+00,0.000000E+00,0.000000E+00,0.000000E+00,0.000000E+00,2.099113E+01,4.621213E+01,2.669764E+01,4.391193E+01
05:00:00,5.992571E+03,9.122142E+02,3.091574E-01,7.038855E-02,0.000000E+00,0.000000E+00,0.000000E+00,0.000000E+00,0.000000E+00,0.000000E+00,0.000000E+00,0.000000E+00,2.099113E+01,4.621470E+01,2.669765E+01,4.390187E+01,5.989308E+03,8.976096E+02,3.089890E-01,6.926156E-02,0.000000E+00,0.000000E+00,0.000000E+00,0.000000E+00,0.000000E+00,0.000000E+00,0.000000E+00,0.000000E+00,2.099113E+01,4.621216E+01,2.669767E+01,4.395381E+01
05:10:00,5.992615E+03,9.012453E+02,3.091596E-01,6.954209E-02,0.000000E+00,0.000000E+00,0.000000E+00,0.000000E+00,0.000000E+00,0.000000E+00,0.000000E+00,0.000000E+00,2.099113E+01,4.621473E+01,2.669767E+01,4.394397E+01,5.989352E+03,8.867650E+02,3.089913E-01,6.842469E-02,0.000000E+00,0.000000E+00,0.000000E+00,0.000000E+00,0.000000E+00,0.000000E+00,0.000000E+00,0.000000E+00,2.099113E+01,4.621220E+01,2.669768E+01,4.399633E+01
05:20:00,5.992658E+03,8.918178E+02,3.091619E-01,6.881458E-02,0.000000E+00,0.000000E+00,0.000000E+00,0.000000E+00,0.000000E+00,0.000000E+00,0.000000E+00,0.000000E+00,2.099113E+01,4.621477E+01,2.669767E+01,4.398369E+01,5.989395E+03,8.774649E+02,3.089935E-01,6.770700E-02,0.000000E+00,0.000000E+00,0.000000E+00,0.000000E+00,0.000000E+00,0.000000E+00,0.000000E+00,0.000000E+00,2.099113E+01,4.621223E+01,2.669769E+01,4.403628E+01
05:30:00,5.992700E+03,8.853938E+02,3.091640E-01,6.831882E-02,0.000000E+00,0.000000E+00,0.000000E+00,0.000000E+00,0.000000E+00,0.000000E+00,0.000000E+00,0.000000E+00,2.099113E+01,4.621480E+01,2.669766E+01,4.401675E+01,5.989438E+03,8.716006E+02,3.089958E-01,6.725441E-02,0.000000E+00,0.000000E+00,0.000000E+00,0.000000E+00,0.000000E+00,0.000000E+00,0.000000E+00,0.000000E+00,2.099113E+01,4.621226E+01,2.669767E+01,4.406910E+01
05:40:00,5.992742E+03,8.844293E+02,3.091662E-01,6.824435E-02,0.000000E+00,0.000000E+00,0.000000E+00,0.000000E+00,0.000000E+00,0.000000E+00,0.000000E+00,0.000000E+00,2.099113E+01,4.621483E+01,2.669763E+01,4.403653E+01,5.989481E+03,8.722250E+02,3.089980E-01,6.730258E-02,0.000000E+00,0.000000E+00,0.000000E+00,0.000000E+00,0.000000E+00,0.000000E+00,0.000000E+00,0.000000E+00,2.099113E+01,4.621230E+01,2.669763E+01,4.408712E+01
05:50:00,5.992784E+03,8.920592E+02,3.091684E-01,6.883316E-02,0.000000E+00,0.000000E+00,0.000000E+00,0.000000E+00,0.000000E+00,0.000000E+00,0.000000E+00,0.000000E+00,2.099113E+01,4.621487E+01,2.669755E+01,4.403371E+01,5.989524E+03,8.832748E+02,3.090002E-01,6.815530E-02,0.000000E+00,0.000000E+00,0.000000E+00,0.000000E+00,0.000000E+00,0.000000E+00,0.000000E+00,0.000000E+00,2.099113E+01,4.621233E+01,2.669754E+01,4.407805E+01
06:00:00,5.992825E+03,9.089561E+02,3.091705E-01,7.013717E-02,0.000000E+00,0.000000E+00,0.000000E+00,0.000000E+00,0.000000E+00,0.000000E+00,0.000000E+00,0.000000E+00,2.099113E+01,4.621490E+01,2.669744E+01,4.399660E+01,5.989566E+03,9.051266E+02,3.090023E-01,6.984171E-02,0.000000E+00,0.000000E+00,0.000000E+00,0.000000E+00,0.000000E+00,0.000000E+00,0.000000E+00,0.000000E+00,2.099113E+01,4.621236E+01,2.669739E+01,4.402645E+01
06:10:00,5.809491E+03,1.228153E+03,2.997123E-01,9.868186E-02,0.000000E+00,0.000000E+00,0.000000E+00,0.000000E+00,0.000000E+00,0.000000E+00,0.000000E+00,0.000000E+00,2.099113E+01,4.621493E+01,2.438339E+01,4.896808E+01,5.806232E+03,1.235791E+03,2.995441E-01,9.941441E-02,0.000000E+00,0.000000E+00,0.000000E+00,0.000000E+00,0.000000E+00,0.000000E+00,0.000000E+00,0.000000E+00,2.099113E+01,4.621240E+01,2.439149E+01,4.893225E+01
06:20:00,5.625996E+03,1.293762E+03,2.902482E-01,1.081402E-01,0.000000E+00,0.000000E+00,0.000000E+00,0.000000E+00,0.000000E+00,0.000000E+00,0.000000E+00,0.000000E+00,2.099223E+01,4.738657E+01,2.399941E+01,4.942773E+01,5.622737E+03,1.314217E+03,2.900800E-01,1.100819E-01,0.000000E+00,0.000000E+00,0.000000E+00,0.000000E+00,0.000000E+00,0.000000E+00,0.000000E+00,0.000000E+00,2.099223E+01,4.738399E+01,2.399940E+01,4.938056E+01
06:30:00,5.442347E+03,1.563737E+03,2.807795E-01,1.376520E-01,0.000000E+00,0.000000E+00,0.000000E+00,0.000000E+00,0.000000E+00,0.000000E+00,0.000000E+00,0.000000E+00,2.099376E+01,4.866702E+01,2.399825E+01,4.870301E+01,5.439089E+03,1.596925E+03,2.806114E-01,1.408022E-01,0.000000E+00,0.000000E+00,0.000000E+00,0.000000E+00,0.000000E+00,0.000000E+00,0.000000E+00,0.000000E+00,2.099376E+01,4.866468E+01,2.399820E+01,4.864648E+01
06:40:00,5.258521E+03,1.799415E+03,2.713056E-01,1.638792E-01,0.000000E+00,0.000000E+00,0.000000E+00,0.000000E+00,0.000000E+00,0.000000E+00,0.000000E+00,0.000000E+00,2.099551E+01,4.942524E+01,2.399723E+01,4.797068E+01,5.255263E+03,1.846270E+03,2.711375E-01,1.683505E-01,0.000000E+00,0.000000E+00,0.000000E+00,0.000000E+00,0.000000E+00,0.000000E+00,0.000000E+00,0.000000E+00,2.099551E+01,4.942332E+01,2.399721E+01,4.790188E+01
06:50:00,5.074594E+03,2.043362E+03,2.618291E-01,1.910518E-01,0.000000E+00,0.000000E+00,0.000000E+00,0.000000E+00,0.000000E+00,0.000000E+00,0.000000E+00,0.000000E+00,2.099672E+01,4.969690E+01,2.399771E+01,4.759721E+01,5.071338E+03,2.102237E+03,2.616611E-01,1.967216E-01,0.000000E+00,0.000000E+00,0.000000E+00,0.000000E+00,0.000000E+00,0.000000E+00,0.000000E+00,0.000000E+00,2.099672E+01,4.969539E+01,2.399771E+01,4.752988E+01
07:00:00,4.890616E+03,2.295545E+03,2.523513E-01,2.191815E-01,0.000000E+00,0.000000E+00,0.000000E+00,0.000000E+00,0.000000E+00,0.000000E+00,0.000000E+00,0.000000E+00,2.099727E+01,4.973499E+01,2.399803E+01,4.743187E+01,4.887360E+03,2.364565E+03,2.521833E-01,2.258987E-01,0.000000E+00,0.000000E+00,0.000000E+00,0.000000E+00,0.000000E+00,0.000000E+00,0.000000E+00,0.000000E+00,2.099727E+01,4.973372E+01,2.399804E+01,4.737049E+01
07:10:00,4.889983E+03,2.263584E+03,2.523325E-01,2.218241E-01,0.000000E+00,0.000000E+00,0.000000E+00,0.000000E+00,0.000000E+00,0.000000E+00,0.000000E+00,0.000000E+00,2.099743E+01,4.972018E+01,2.399818E+01,4.734370E+01,4.886727E+03,2.335370E+03,2.521646E-01,2.288591E-01,0.000000E+00,0.000000E+00,0.000000E+00,0.000000E+00,0.000000E+00,0.000000E+00,0.000000E+00,0.000000E+00,2.099743E+01,4.971900E+01,2.399819E+01,4.728848E+01
07:20:00,4.889487E+03,2.503159E+03,2.523185E-01,2.453037E-01,0.000000E+00,0.000000E+00,0.000000E+00,0.000000E+00,0.000000E+00,0.000000E+00,0.000000E+00,0.000000E+00,2.099745E+01,4.971614E+01,2.399823E+01,4.727030E+01,4.886233E+03,2.575052E+03,2.521506E-01,2.523492E-01,0.000000E+00,0.000000E+00,0.000000E+00,0.000000E+00,0.000000E+00,0.000000E+00,0.000000E+00,0.000000E+00,2.099745E+01,4.971497E+01,2.399825E+01,4.722105E+01
07:30:00,4.889125E+03,2.555117E+03,2.523080E-01,2.503954E-01,0.000000E+00,0.000000E+00,0.000000E+00,0.000000E+00,0.000000E+00,0.000000E+00,0.000000E+00,0.000000E+00,2.099745E+01,4.972444E+01,2.399825E+01,4.719730E+01,4.885871E+03,2.625379E+03,2.521401E-01,2.572807E-01,0.000000E+00,0.000000E+00,0.000000E+00,0.000000E+00,0.000000E+00,0.000000E+00,0.000000E+00,0.000000E+00,2.099745E+01,4.972328E+01,2.399827E+01,4.715445E+01
07:40:00,4.888923E+03,2.655978E+03,2.523019E-01,2.602753E-01,0.000000E+00,0.000000E+00,0.000000E+00,0.000000E+00,0.000000E+00,0.000000E+00,0.000000E+00,0.000000E+00,2.099746E+01,4.973393E+01,2.399827E+01,4.712741E+01,4.885670E+03,2.721025E+03,2.521340E-01,2.666493E-01,0.000000E+00,0.000000E+00,0.000000E+00,0.000000E+00,0.000000E+00,0.000000E+00,0.000000E+00,0.000000E+00,2.099746E+01,4.973277E+01,2.399829E+01,4.709156E+01
07:50:00,4.888806E+03,2.760050E+03,2.522975E-01,2.704714E-01,0.000000E+00,0.000000E+00,0.000000E+00,0.000000E+00,0.000000E+00,0.000000E+00,0.000000E+00,0.000000E+00,2.099747E+01,4.973928E+01,2.399829E+01,4.706395E+01,4.885553E+03,2.817978E+03,2.521296E-01,2.761477E-01,0.000000E+00,0.000000E+00,0.000000E+00,0.000000E+00,0.000000E+00,0.000000E+00,0.000000E+00,0.000000E+00,2.099747E+01,4.973812E+01,2.399831E+01,4.703528E+01
08:00:00,4.888728E+03,2.870244E+03,2.522939E-01,2.812687E-01,0.000000E+00,0.000000E+00,0.000000E+00,0.000000E+00,0.000000E+00,0.000000E+00,0.000000E+00,0.000000E+00,2.099748E+01,4.974094E+01,2.399831E+01,4.700718E+01,4.885476E+03,2.919819E+03,2.521261E-01,2.861263E-01,0.000000E+00,0.000000E+00,0.000000E+00,0.000000E+00,0.000000E+00,0.000000E+00,0.000000E+00,0.000000E+00,2.099748E+01,4.973979E+01,2.399833E+01,4.698535E+01
08:10:00,4.888670E+03,2.983539E+03,2.522910E-01,2.923702E-01,0.000000E+00,0.000000E+00,0.000000E+00,0.000000E+00,0.000000E+00,0.000000E+00,0.000000E+00,0.000000E+00,2.099748E+01,4.974098E+01,2.399832E+01,4.695241E+01,4.885419E+03,3.024051E+03,2.521232E-01,2.963397E-01,0.000000E+00,0.000000E+00,0.000000E+00,0.000000E+00,0.000000E+00,0.000000E+00,0.000000E+00,0.000000E+00,2.099748E+01,4.973983E+01,2.399834E+01,4.693664E+01
08:20:00,4.888625E+03,3.098684E+03,2.522888E-01,3.036534E-01,0.000000E+00,0.000000E+00,0.000000E+00,0.000000E+00,0.000000E+00,0.000000E+00,0.000000E+00,0.000000E+00,2.099748E+01,4.974076E+01,2.399833E+01,4.689995E+01,4.885374E+03,3.129619E+03,2.521210E-01,3.066843E-01,0.000000E+00,0.000000E+00,0.000000E+00,0.000000E+00,0.000000E+00,0.000000E+00,0.000000E+00,0.000000E+00,2.099748E+01,4.973962E+01,2.399835E+01,4.688936E+01
08:30:00,4.888592E+03,3.215156E+03,2.522872E-01,3.150665E-01,0.000000E+00,0.000000E+00,0.000000E+00,0.000000E+00,0.000000E+00,0.000000E+00,0.000000E+00,0.000000E+00,2.099748E+01,4.974070E+01,2.399835E+01,4.685154E+01,4.885342E+03,3.235893E+03,2.521194E-01,3.170981E-01,0.000000E+00,0.000000E+00,0.000000E+00,0.000000E+00,0.000000E+00,0.000000E+00,0.000000E+00,0.000000E+00,2.099748E+01,4.973956E+01,2.399836E+01,4.684551E+01
08:40:00,4.888568E+03,3.332585E+03,2.522860E-01,3.265733E-01,0.000000E+00,0.000000E+00,0.000000E+00,0.000000E+00,0.000000E+00,0.000000E+00,0.000000E+00,0.000000E+00,2.099748E+01,4.974076E+01,2.399836E+01,4.680754E+01,4.885319E+03,3.342229E+03,2.521183E-01,3.275179E-01,0.000000E+00,0.000000E+00,0.000000E+00,0.000000E+00,0.000000E+00,0.000000E+00,0.000000E+00,0.000000E+00,2.099748E+01,4.973962E+01,2.399837E+01,4.680590E+01
08:50:00,4.888552E+03,3.450717E+03,2.522852E-01,3.381491E-01,0.000000E+00,0.000000E+00,0.000000E+00,0.000000E+00,0.000000E+00,0.000000E+00,0.000000E+00,0.000000E+00,2.099748E+01,4.974083E+01,2.399838E+01,4.676740E+01,4.885303E+03,3.447956E+03,2.521175E-01,3.378781E-01,0.000000E+00,0.000000E+00,0.000000E+00,0.000000E+00,0.000000E+00,0.000000E+00,0.000000E+00,0.000000E+00,2.099748E+01,4.973969E+01,2.399839E+01,4.677031E+01
09:00:00,4.888542E+03,3.565637E+03,2.522847E-01,3.494101E-01,0.000000E+00,0.000000E+00,0.000000E+00,0.000000E+00,0.000000E+00,0.000000E+00,0.000000E+00,0.000000E+00,2.099748E+01,4.974087E+01,2.399839E+01,4.673044E+01,4.885294E+03,3.548522E+03,2.521170E-01,3.477325E-01,0.000000E+00,0.000000E+00,0.000000E+00,0.000000E+00,0.000000E+00,0.000000E+00,0.000000E+00,0.000000E+00,2.099748E+01,4.973972E+01,2.399840E+01,4.673822E+01
09:10:00,4.888537E+03,3.678270E+03,2.522844E-01,3.604470E-01,0.000000E+00,0.000000E+00,0.000000E+00,0.000000E+00,0.000000E+00,0.000000E+00,0.000000E+00,0.000000E+00,2.099748E+01,4.974087E+01,2.399840E+01,4.669628E+01,4.885290E+03,3.644403E+03,2.521168E-01,3.571278E-01,0.000000E+00,0.000000E+00,0.000000E+00,0.000000E+00,0.000000E+00,0.000000E+00,0.000000E+00,0.000000E+00,2.099748E+01,4.973973E+01,2.399841E+01,4.670925E+01
09:20:00,4.888536E+03,3.788688E+03,2.522844E-01,3.712668E-01,0.000000E+00,0.000000E+00,0.000000E+00,0.000000E+00,0.000000E+00,0.000000E+00,0.000000E+00,0.000000E+00,2.099748E+01,4.974087E+01,2.399841E+01,4.666489E+01,4.885289E+03,3.735424E+03,2.521168E-01,3.660468E-01,0.000000E+00,0.000000E+00,0.000000E+00,0.000000E+00,0.000000E+00,0.000000E+00,0.000000E+00,0.000000E+00,2.099748E+01,4.973973E+01,2.399842E+01,4.668332E+01
09:30:00,4.888539E+03,3.896379E+03,2.522845E-01,3.818193E-01,0.000000E+00,0.000000E+00,0.000000E+00,0.000000E+00,0.000000E+00,0.000000E+00,0.000000E+00,0.000000E+00,2.099748E+01,4.974087E+01,2.399842E+01,4.663617E+01,4.885292E+03,3.821040E+03,2.521169E-01,3.744362E-01,0.000000E+00,0.000000E+00,0.000000E+00,0.000000E+00,0.000000E+00,0.000000E+00,0.000000E+00,0.000000E+00,2.099748E+01,4.973973E+01,2.399843E+01,4.666027E+01
09:40:00,4.888544E+03,4.000778E+03,2.522848E-01,3.920492E-01,0.000000E+00,0.000000E+00,0.000000E+00,0.000000E+00,0.000000E+00,0.000000E+00,0.000000E+00,0.000000E+00,2.099748E+01,4.974088E+01,2.399843E+01,4.660994E+01,4.885298E+03,3.900763E+03,2.521172E-01,3.822481E-01,0.000000E+00,0.000000E+00,0.000000E+00,0.000000E+00,0.000000E+00,0.000000E+00,0.000000E+00,0.000000E+00,2.099748E+01,4.973973E+01,2.399844E+01,4.663989E+01
09:50:00,4.888551E+03,4.101255E+03,2.522851E-01,4.018949E-01,0.000000E+00,0.000000E+00,0.000000E+00,0.000000E+00,0.000000E+00,0.000000E+00,0.000000E+00,0.000000E+00,2.099748E+01,4.974088E+01,2.399844E+01,4.658606E+01,4.885306E+03,3.974129E+03,2.521177E-01,3.894370E-01,0.000000E+00,0.000000E+00,0.000000E+00,0.000000E+00,0.000000E+00,0.000000E+00,0.000000E+00,0.000000E+00,2.099748E+01,4.973974E+01,2.399845E+01,4.662199E+01
10:00:00,4.888561E+03,4.197176E+03,2.522856E-01,4.112941E-01,0.000000E+00,0.000000E+00,0.000000E+00,0.000000E+00,0.000000E+00,0.000000E+00,0.000000E+00,0.000000E+00,2.099748E+01,4.974088E+01,2.399845E+01,4.656442E+01,4.885316E+03,4.040729E+03,2.521182E-01,3.959629E-01,0.000000E+00,0.000000E+00,0.000000E+00,0.000000E+00,0.000000E+00,0.000000E+00,0.000000E+00,0.000000E+00,2.099748E+01,4.973974E+01,2.399846E+01,4.660643E+01
10:10:00,4.888572E+03,4.287900E+03,2.522862E-01,4.201840E-01,0.000000E+00,0.000000E+00,0.000000E+00,0.000000E+00,0.000000E+00,0.000000E+00,0.000000E+00,0.000000E+00,2.099748E+01,4.974089E+01,2.399846E+01,4.654493E+01,4.885328E+03,4.100199E+03,2.521188E-01,4.017902E-01,0.000000E+00,0.000000E+00,0.000000E+00,0.000000E+00,0.000000E+00,0.000000E+00,0.000000E+00,0.000000E+00,2.099748E+01,4.973975E+01,2.399847E+01,4.659310E+01
10:20:00,4.888585E+03,4.372821E+03,2.522869E-01,4.285053E-01,0.000000E+00,0.000000E+00,0.000000E+00,0.000000E+00,0.000000E+00,0.000000E+00,0.000000E+00,0.000000E+00,2.099748E+01,4.974089E+01,2.399847E+01,4.652763E+01,4.885341E+03,4.152255E+03,2.521195E-01,4.068910E-01,0.000000E+00,0.000000E+00,0.000000E+00,0.000000E+00,0.000000E+00,0.000000E+00,0.000000E+00,0.000000E+00,2.099748E+01,4.973975E+01,2.399848E+01,4.658200E+01
10:30:00,4.888599E+03,4.451414E+03,2.522876E-01,4.362064E-01,0.000000E+00,0.000000E+00,0.000000E+00,0.000000E+00,0.000000E+00,0.000000E+00,0.000000E+00,0.000000E+00,2.099748E+01,4.974090E+01,2.399848E+01,4.651244E+01,4.885356E+03,4.196722E+03,2.521203E-01,4.112481E-01,0.000000E+00,0.000000E+00,0.000000E+00,0.000000E+00,0.000000E+00,0.000000E+00,0.000000E+00,0.000000E+00,2.099748E+01,4.973976E+01,2.399848E+01,4.657302E+01
10:40:00,4.888614E+03,4.523267E+03,2.522884E-01,4.432471E-01,0.000000E+00,0.000000E+00,0.000000E+00,0.000000E+00,0.000000E+00,0.000000E+00,0.000000E+00,0.000000E+00,2.099748E+01,4.974090E+01,2.399848E+01,4.649919E+01,4.885372E+03,4.233555E+03,2.521211E-01,4.148571E-01,0.000000E+00,0.000000E+00,0.000000E+00,0.000000E+00,0.000000E+00,0.000000E+00,0.000000E+00,0.000000E+00,2.099748E+01,4.973976E+01,2.399849E+01,4.656599E+01
10:50:00,4.888630E+03,4.587272E+03,2.522892E-01,4.495188E-01,0.000000E+00,0.000000E+00,0.000000E+00,0.000000E+00,0.000000E+00,0.000000E+00,0.000000E+00,0.000000E+00,2.099748E+01,4.974091E+01,2.399849E+01,4.648771E+01,4.885389E+03,4.261489E+03,2.521219E-01,4.175941E-01,0.000000E+00,0.000000E+00,0.000000E+00,0.000000E+00,0.000000E+00,0.000000E+00,0.000000E+00,0.000000E+00,2.099748E+01,4.973977E+01,2.399850E+01,4.656071E+01
11:00:00,4.888647E+03,4.643447E+03,2.522901E-01,4.550231E-01,0.000000E+00,0.000000E+00,0.000000E+00,0.000000E+00,0.000000E+00,0.000000E+00,0.000000E+00,0.000000E+00,2.099748E+01,4.974091E+01,2.399850E+01,4.647827E+01,4.885406E+03,4.281123E+03,2.521228E-01,4.195178E-01,0.000000E+00,0.000000E+00,0.000000E+00,0.000000E+00,0.000000E+00,0.000000E+00,0.000000E+00,0.000000E+00,2.099748E+01,4.973978E+01,2.399850E+01,4.655782E+01
11:10:00,4.888665E+03,4.691684E+03,2.522910E-01,4.597496E-01,0.000000E+00,0.000000E+00,0.000000E+00,0.000000E+00,0.000000E+00,0.000000E+00,0.000000E+00,0.000000E+00,2.099748E+01,4.974092E+01,2.399851E+01,4.647061E+01,4.885424E+03,4.292868E+03,2.521238E-01,4.206684E-01,0.000000E+00,0.000000E+00,0.000000E+00,0.000000E+00,0.000000E+00,0.000000E+00,0.000000E+00,0.000000E+00,2.099748E+01,4.973978E+01,2.399851E+01,4.655688E+01
11:20:00,4.888683E+03,4.732272E+03,2.522920E-01,4.637266E-01,0.000000E+00,0.000000E+00,0.000000E+00,0.000000E+00,0.000000E+00,0.000000E+00,0.000000E+00,0.000000E+00,2.099748E+01,4.974093E+01,2.399851E+01,4.646454E+01,4.885443E+03,4.297422E+03,2.521247E-01,4.211144E-01,0.000000E+00,0.000000E+00,0.000000E+00,0.000000E+00,0.000000E+00,0.000000E+00,0.000000E+00,0.000000E+00,2.099748E+01,4.973979E+01,2.399851E+01,4.655743E+01
11:30:00,4.888702E+03,4.765755E+03,2.522929E-01,4.670074E-01,0.000000E+00,0.000000E+00,0.000000E+00,0.000000E+00,0.000000E+00,0.000000E+00,0.000000E+00,0.000000E+00,2.099748E+01,4.974093E+01,2.399852E+01,4.645976E+01,4.885463E+03,4.295719E+03,2.521257E-01,4.209474E-01,0.000000E+00,0.000000E+00,0.000000E+00,0.000000E+00,0.000000E+00,0.000000E+00,0.000000E+00,0.000000E+00,2.099748E+01,4.973980E+01,2.399852E+01,4.655905E+01
11:40:00,4.888721E+03,4.792913E+03,2.522939E-01,4.696684E-01,0.000000E+00,0.000000E+00,0.000000E+00,0.000000E+00,0.000000E+00,0.000000E+00,0.000000E+00,0.000000E+00,2.099748E+01,4.974094E+01,2.399852E+01,4.645592E+01,4.885482E+03,4.288915E+03,2.521268E-01,4.202804E-01,0.000000E+00,0.000000E+00,0.000000E+00,0.000000E+00,0.000000E+00,0.000000E+00,0.000000E+00,0.000000E+00,2.099748E+01,4.973980E+01,2.399852E+01,4.656135E+01
11:50:00,4.888741E+03,4.815601E+03,2.522949E-01,4.718914E-01,0.000000E+00,0.000000E+00,0.000000E+00,0.000000E+00,0.000000E+00,0.000000E+00,0.000000E+00,0.000000E+00,2.099748E+01,4.974095E+01,2.399852E+01,4.645270E+01,4.885502E+03,4.279749E+03,2.521278E-01,4.193820E-01,0.000000E+00,0.000000E+00,0.000000E+00,0.000000E+00,0.000000E+00,0.000000E+00,0.000000E+00,0.000000E+00,2.099748E+01,4.973981E+01,2.399852E+01,4.656395E+01
12:00:00,4.888761E+03,4.834892E+03,2.522959E-01,4.737816E-01,0.000000E+00,0.000000E+00,0.000000E+00,0.000000E+00,0.000000E+00,0.000000E+00,0.000000E+00,0.000000E+00,2.099748E+01,4.974096E+01,2.399853E+01,4.644983E+01,4.885523E+03,4.269420E+03,2.521289E-01,4.183698E-01,0.000000E+00,0.000000E+00,0.000000E+00,0.000000E+00,0.000000E+00,0.000000E+00,0.000000E+00,0.000000E+00,2.099748E+01,4.973982E+01,2.399852E+01,4.656649E+01
12:10:00,4.888781E+03,4.852270E+03,2.522970E-01,4.754843E-01,0.000000E+00,0.000000E+00,0.000000E+00,0.000000E+00,0.000000E+00,0.000000E+00,0.000000E+00,0.000000E+00,2.099748E+01,4.974096E+01,2.399853E+01,4.644702E+01,4.885544E+03,4.259556E+03,2.521299E-01,4.174031E-01,0.000000E+00,0.000000E+00,0.000000E+00,0.000000E+00,0.000000E+00,0.000000E+00,0.000000E+00,0.000000E+00,2.099748E+01,4.973982E+01,2.399852E+01,4.656855E+01
12:20:00,4.888801E+03,4.869162E+03,2.522980E-01,4.771395E-01,0.000000E+00,0.000000E+00,0.000000E+00,0.000000E+00,0.000000E+00,0.000000E+00,0.000000E+00,0.000000E+00,2.099748E+01,4.974097E+01,2.399853E+01,4.644416E+01,4.885565E+03,4.251805E+03,2.521310E-01,4.166435E-01,0.000000E+00,0.000000E+00,0.000000E+00,0.000000E+00,0.000000E+00,0.000000E+00,0.000000E+00,0.000000E+00,2.099748E+01,4.973983E+01,2.399852E+01,4.656992E+01
12:30:00,4.888822E+03,4.889391E+03,2.522991E-01,4.791216E-01,0.000000E+00,0.000000E+00,0.000000E+00,0.000000E+00,0.000000E+00,0.000000E+00,0.000000E+00,0.000000E+00,2.099748E+01,4.974098E+01,2.399853E+01,4.644100E+01,4.885586E+03,4.250124E+03,2.521321E-01,4.164789E-01,0.000000E+00,0.000000E+00,0.000000E+00,0.000000E+00,0.000000E+00,0.000000E+00,0.000000E+00,0.000000E+00,2.099748E+01,4.973984E+01,2.399851E+01,4.657022E+01
12:40:00,4.888843E+03,4.915598E+03,2.523002E-01,4.816897E-01,0.000000E+00,0.000000E+00,0.000000E+00,0.000000E+00,0.000000E+00,0.000000E+00,0.000000E+00,0.000000E+00,2.099748E+01,4.974098E+01,2.399852E+01,4.643611E+01,4.885607E+03,4.257294E+03,2.521332E-01,4.171816E-01,0.000000E+00,0.000000E+00,0.000000E+00,0.000000E+00,0.000000E+00,0.000000E+00,0.000000E+00,0.000000E+00,2.099748E+01,4.973985E+01,2.399851E+01,4.656765E+01
12:50:00,4.888864E+03,4.949450E+03,2.523013E-01,4.850070E-01,0.000000E+00,0.000000E+00,0.000000E+00,0.000000E+00,0.000000E+00,0.000000E+00,0.000000E+00,0.000000E+00,2.099748E+01,4.974099E+01,2.399852E+01,4.642883E+01,4.885629E+03,4.275126E+03,2.521343E-01,4.189291E-01,0.000000E+00,0.000000E+00,0.000000E+00,0.000000E+00,0.000000E+00,0.000000E+00,0.000000E+00,0.000000E+00,2.099748E+01,4.973985E+01,2.399850E+01,4.656127E+01
13:00:00,4.888885E+03,4.992061E+03,2.523024E-01,4.891825E-01,0.000000E+00,0.000000E+00,0.000000E+00,0.000000E+00,0.000000E+00,0.000000E+00,0.000000E+00,0.000000E+00,2.099748E+01,4.974100E+01,2.399852E+01,4.641962E+01,4.885650E+03,4.304888E+03,2.521354E-01,4.218458E-01,0.000000E+00,0.000000E+00,0.000000E+00,0.000000E+00,0.000000E+00,0.000000E+00,0.000000E+00,0.000000E+00,2.099748E+01,4.973986E+01,2.399849E+01,4.655150E+01
13:10:00,4.888906E+03,5.043982E+03,2.523034E-01,4.942705E-01,0.000000E+00,0.000000E+00,0.000000E+00,0.000000E+00,0.000000E+00,0.000000E+00,0.000000E+00,0.000000E+00,2.099748E+01,4.974101E+01,2.399851E+01,4.640917E+01,4.885672E+03,4.347240E+03,2.521366E-01,4.259961E-01,0.000000E+00,0.000000E+00,0.000000E+00,0.000000E+00,0.000000E+00,0.000000E+00,0.000000E+00,0.000000E+00,2.099748E+01,4.973987E+01,2.399849E+01,4.653917E+01
13:20:00,4.888927E+03,5.105405E+03,2.523045E-01,5.002896E-01,0.000000E+00,0.000000E+00,0.000000E+00,0.000000E+00,0.000000E+00,0.000000E+00,0.000000E+00,0.000000E+00,2.099748E+01,4.974101E+01,2.399851E+01,4.639814E+01,4.885694E+03,4.402455E+03,2.521377E-01,4.314070E-01,0.000000E+00,0.000000E+00,0.000000E+00,0.000000E+00,0.000000E+00,0.000000E+00,0.000000E+00,0.000000E+00,2.099748E+01,4.973988E+01,2.399848E+01,4.652517E+01
13:30:00,4.888949E+03,5.173701E+03,2.523057E-01,5.069822E-01,0.000000E+00,0.000000E+00,0.000000E+00,0.000000E+00,0.000000E+00,0.000000E+00,0.000000E+00,0.000000E+00,2.099748E+01,4.974102E+01,2.399851E+01,4.638678E+01,4.885716E+03,4.468057E+03,2.521388E-01,4.378357E-01,0.000000E+00,0.000000E+00,0.000000E+00,0.000000E+00,0.000000E+00,0.000000E+00,0.000000E+00,0.000000E+00,2.099748E+01,4.973989E+01,2.399848E+01,4.650998E+01
13:40:00,4.888970E+03,5.247004E+03,2.523068E-01,5.141654E-01,0.000000E+00,0.000000E+00,0.000000E+00,0.000000E+00,0.000000E+00,0.000000E+00,0.000000E+00,0.000000E+00,2.099748E+01,4.974103E+01,2.399852E+01,4.637522E+01,4.885738E+03,4.542240E+03,2.521400E-01,4.451053E-01,0.000000E+00,0.000000E+00,0.000000E+00,0.000000E+00,0.000000E+00,0.000000E+00,0.000000E+00,0.000000E+00,2.099748E+01,4.973989E+01,2.399848E+01,4.649384E+01
13:50:00,4.888992E+03,5.323930E+03,2.523079E-01,5.217036E-01,0.000000E+00,0.000000E+00,0.000000E+00,0.000000E+00,0.000000E+00,0.000000E+00,0.000000E+00,0.000000E+00,2.099748E+01,4.974104E+01,2.399852E+01,4.636358E+01,4.885760E+03,4.623655E+03,2.521411E-01,4.530835E-01,0.000000E+00,0.000000E+00,0.000000E+00,0.000000E+00,0.000000E+00,0.000000E+00,0.000000E+00,0.000000E+00,2.099748E+01,4.973990E+01,2.399848E+01,4.647703E+01
14:00:00,4.889013E+03,5.403133E+03,2.523090E-01,5.294648E-01,0.000000E+00,0.000000E+00,0.000000E+00,0.000000E+00,0.000000E+00,0.000000E+00,0.000000E+00,0.000000E+00,2.099748E+01,4.974104E+01,2.399852E+01,4.635205E+01,4.885783E+03,4.710935E+03,2.521423E-01,4.616363E-01,0.000000E+00,0.000000E+00,0.000000E+00,0.000000E+00,0.000000E+00,0.000000E+00,0.000000E+00,0.000000E+00,2.099748E+01,4.973991E+01,2.399848E+01,4.645985E+01
14:10:00,4.889035E+03,5.483508E+03,2.523101E-01,5.373408E-01,0.000000E+00,0.000000E+00,0.000000E+00,0.000000E+00,0.000000E+00,0.000000E+00,0.000000E+00,0.000000E+00,2.099748E+01,4.974105E+01,2.399852E+01,4.634085E+01,4.885805E+03,4.803375E+03,2.521434E-01,4.706947E-01,0.000000E+00,0.000000E+00,0.000000E+00,0.000000E+00,0.000000E+00,0.000000E+00,0.000000E+00,0.000000E+00,2.099748E+01,4.973992E+01,2.399849E+01,4.644267E+01
14:20:00,4.889057E+03,5.563289E+03,2.523112E-01,5.451586E-01,0.000000E+00,0.000000E+00,0.000000E+00,0.000000E+00,0.000000E+00,0.000000E+00,0.000000E+00,0.000000E+00,2.099748E+01,4.974106E+01,2.399853E+01,4.633022E+01,4.885827E+03,4.898857E+03,2.521446E-01,4.800511E-01,0.000000E+00,0.000000E+00,0.000000E+00,0.000000E+00,0.000000E+00,0.000000E+00,0.000000E+00,0.000000E+00,2.099748E+01,4.973992E+01,2.399849E+01,4.642565E+01
14:30:00,4.889079E+03,5.640920E+03,2.523124E-01,5.527657E-01,0.000000E+00,0.000000E+00,0.000000E+00,0.000000E+00,0.000000E+00,0.000000E+00,0.000000E+00,0.000000E+00,2.099748E+01,4.974107E+01,2.399853E+01,4.632048E+01,4.885850E+03,4.995498E+03,2.521457E-01,4.895211E-01,0.000000E+00,0.000000E+00,0.000000E+00,0.000000E+00,0.000000E+00,0.000000E+00,0.000000E+00,0.000000E+00,2.099748E+01,4.973993E+01,2.399849E+01,4.640944E+01
14:40:00,4.889100E+03,5.715013E+03,2.523135E-01,5.600260E-01,0.000000E+00,0.000000E+00,0.000000E+00,0.000000E+00,0.000000E+00,0.000000E+00,0.000000E+00,0.000000E+00,2.099748E+01,4.974107E+01,2.399854E+01,4.631175E+01,4.885872E+03,5.091677E+03,2.521469E-01,4.989458E-01,0.000000E+00,0.000000E+00,0.000000E+00,0.000000E+00,0.000000E+00,0.000000E+00,0.000000E+00,0.000000E+00,2.099748E+01,4.973994E+01,2.399850E+01,4.639443E+01
14:50:00,4.889122E+03,5.784329E+03,2.523146E-01,5.668182E-01,0.000000E+00,0.000000E+00,0.000000E+00,0.000000E+00,0.000000E+00,0.000000E+00,0.000000E+00,0.000000E+00,2.099748E+01,4.974108E+01,2.399854E+01,4.630399E+01,4.885894E+03,5.185841E+03,2.521480E-01,5.081730E-01,0.000000E+00,0.000000E+00,0.000000E+00,0.000000E+00,0.000000E+00,0.000000E+00,0.000000E+00,0.000000E+00,2.099748E+01,4.973995E+01,2.399851E+01,4.638065E+01
15:00:00,4.889144E+03,5.847761E+03,2.523157E-01,5.730338E-01,0.000000E+00,0.000000E+00,0.000000E+00,0.000000E+00,0.000000E+00,0.000000E+00,0.000000E+00,0.000000E+00,2.099748E+01,4.974109E+01,2.399855E+01,4.629717E+01,4.885917E+03,5.276532E+03,2.521492E-01,5.170597E-01,0.000000E+00,0.000000E+00,0.000000E+00,0.000000E+00,0.000000E+00,0.000000E+00,0.000000E+00,0.000000E+00,2.099748E+01,4.973996E+01,2.399851E+01,4.636802E+01
15:10:00,4.889166E+03,5.903873E+03,2.523169E-01,5.785321E-01,0.000000E+00,0.000000E+00,0.000000E+00,0.000000E+00,0.000000E+00,0.000000E+00,0.000000E+00,0.000000E+00,2.099748E+01,4.974110E+01,2.399855E+01,4.629128E+01,4.885939E+03,5.361545E+03,2.521503E-01,5.253901E-01,0.000000E+00,0.000000E+00,0.000000E+00,0.000000E+00,0.000000E+00,0.000000E+00,0.000000E+00,0.000000E+00,2.099748E+01,4.973996E+01,2.399852E+01,4.635655E+01
15:20:00,4.889188E+03,5.952250E+03,2.523180E-01,5.832723E-01,0.000000E+00,0.000000E+00,0.000000E+00,0.000000E+00,0.000000E+00,0.000000E+00,0.000000E+00,0.000000E+00,2.099748E+01,4.974111E+01,2.399855E+01,4.628661E+01,4.885962E+03,5.440321E+03,2.521515E-01,5.331093E-01,0.000000E+00,0.000000E+00,0.000000E+00,0.000000E+00,0.000000E+00,0.000000E+00,0.000000E+00,0.000000E+00,2.099748E+01,4.973997E+01,2.399852E+01,4.634651E+01
15:30:00,4.889210E+03,5.992455E+03,2.523191E-01,5.872119E-01,0.000000E+00,0.000000E+00,0.000000E+00,0.000000E+00,0.000000E+00,0.000000E+00,0.000000E+00,0.000000E+00,2.099748E+01,4.974111E+01,2.399856E+01,4.628314E+01,4.885984E+03,5.512143E+03,2.521527E-01,5.401470E-01,0.000000E+00,0.000000E+00,0.000000E+00,0.000000E+00,0.000000E+00,0.000000E+00,0.000000E+00,0.000000E+00,2.099748E+01,4.973998E+01,2.399853E+01,4.633794E+01
15:40:00,4.889232E+03,6.024058E+03,2.523203E-01,5.903085E-01,0.000000E+00,0.000000E+00,0.000000E+00,0.000000E+00,0.000000E+00,0.000000E+00,0.000000E+00,0.000000E+00,2.099748E+01,4.974112E+01,2.399856E+01,4.628073E+01,4.886006E+03,5.576145E+03,2.521538E-01,5.464183E-01,0.000000E+00,0.000000E+00,0.000000E+00,0.000000E+00,0.000000E+00,0.000000E+00,0.000000E+00,0.000000E+00,2.099748E+01,4.973999E+01,2.399854E+01,4.633071E+01
15:50:00,4.889253E+03,6.046707E+03,2.523214E-01,5.925276E-01,0.000000E+00,0.000000E+00,0.000000E+00,0.000000E+00,0.000000E+00,0.000000E+00,0.000000E+00,0.000000E+00,2.099748E+01,4.974113E+01,2.399857E+01,4.627931E+01,4.886029E+03,5.631522E+03,2.521550E-01,5.518445E-01,0.000000E+00,0.000000E+00,0.000000E+00,0.000000E+00,0.000000E+00,0.000000E+00,0.000000E+00,0.000000E+00,2.099748E+01,4.974000E+01,2.399854E+01,4.632476E+01
16:00:00,4.889275E+03,6.060195E+03,2.523225E-01,5.938490E-01,0.000000E+00,0.000000E+00,0.000000E+00,0.000000E+00,0.000000E+00,0.000000E+00,0.000000E+00,0.000000E+00,2.099748E+01,4.974114E+01,2.399857E+01,4.627886E+01,4.886051E+03,5.677544E+03,2.521561E-01,5.563539E-01,0.000000E+00,0.000000E+00,0.000000E+00,0.000000E+00,0.000000E+00,0.000000E+00,0.000000E+00,0.000000E+00,2.099748E+01,4.974000E+01,2.399855E+01,4.632010E+01
16:10:00,4.889297E+03,6.064715E+03,2.523236E-01,5.942917E-01,0.000000E+00,0.000000E+00,0.000000E+00,0.000000E+00,0.000000E+00,0.000000E+00,0.000000E+00,0.000000E+00,2.099748E+01,4.974114E+01,2.399857E+01,4.627937E+01,4.886073E+03,5.713888E+03,2.521573E-01,5.599151E-01,0.000000E+00,0.000000E+00,0.000000E+00,0.000000E+00,0.000000E+00,0.000000E+00,0.000000E+00,0.000000E+00,2.099748E+01,4.974001E+01,2.399855E+01,4.631675E+01
16:20:00,4.889319E+03,6.060243E+03,2.523248E-01,5.938533E-01,0.000000E+00,0.000000E+00,0.000000E+00,0.000000E+00,0.000000E+00,0.000000E+00,0.000000E+00,0.000000E+00,2.099748E+01,4.974115E+01,2.399858E+01,4.628096E+01,4.886096E+03,5.740026E+03,2.521584E-01,5.624761E-01,0.000000E+00,0.000000E+00,0.000000E+00,0.000000E+00,0.000000E+00,0.000000E+00,0.000000E+00,0.000000E+00,2.099748E+01,4.974002E+01,2.399856E+01,4.631482E+01
16:30:00,4.889341E+03,6.046781E+03,2.523259E-01,5.925340E-01,0.000000E+00,0.000000E+00,0.000000E+00,0.000000E+00,0.000000E+00,0.000000E+00,0.000000E+00,0.000000E+00,2.099748E+01,4.974116E+01,2.399858E+01,4.628362E+01,4.886118E+03,5.755477E+03,2.521596E-01,5.639898E-01,0.000000E+00,0.000000E+00,0.000000E+00,0.000000E+00,0.000000E+00,0.000000E+00,0.000000E+00,0.000000E+00,2.099748E+01,4.974003E+01,2.399856E+01,4.631434E+01
16:40:00,4.889362E+03,6.024732E+03,2.523270E-01,5.903732E-01,0.000000E+00,0.000000E+00,0.000000E+00,0.000000E+00,0.000000E+00,0.000000E+00,0.000000E+00,0.000000E+00,2.099748E+01,4.974117E+01,2.399858E+01,4.628731E+01,4.886140E+03,5.760342E+03,2.521607E-01,5.644664E-01,0.000000E+00,0.000000E+00,0.000000E+00,0.000000E+00,0.000000E+00,0.000000E+00,0.000000E+00,0.000000E+00,2.099748E+01,4.974003E+01,2.399857E+01,4.631528E+01
16:50:00,4.889384E+03,5.989870E+03,2.523281E-01,5.869568E-01,0.000000E+00,0.000000E+00,0.000000E+00,0.000000E+00,0.000000E+00,0.000000E+00,0.000000E+00,0.000000E+00,2.099748E+01,4.974117E+01,2.399858E+01,4.629189E+01,4.886163E+03,5.750384E+03,2.521619E-01,5.634902E-01,0.000000E+00,0.000000E+00,0.000000E+00,0.000000E+00,0.000000E+00,0.000000E+00,0.000000E+00,0.000000E+00,2.099748E+01,4.974004E+01,2.399857E+01,4.631745E+01
17:00:00,4.889406E+03,5.943957E+03,2.523292E-01,5.824576E-01,0.000000E+00,0.000000E+00,0.000000E+00,0.000000E+00,0.000000E+00,0.000000E+00,0.000000E+00,0.000000E+00,2.099748E+01,4.974118E+01,2.399859E+01,4.629900E+01,4.886185E+03,5.727738E+03,2.521630E-01,5.612709E-01,0.000000E+00,0.000000E+00,0.000000E+00,0.000000E+00,0.000000E+00,0.000000E+00,0.000000E+00,0.000000E+00,2.099748E+01,4.974005E+01,2.399858E+01,4.632247E+01
17:10:00,4.889427E+03,5.888012E+03,2.523304E-01,5.769753E-01,0.000000E+00,0.000000E+00,0.000000E+00,0.000000E+00,0.000000E+00,0.000000E+00,0.000000E+00,0.000000E+00,2.099748E+01,4.974119E+01,2.399859E+01,4.630780E+01,4.886207E+03,5.693824E+03,2.521642E-01,5.579473E-01,0.000000E+00,0.000000E+00,0.000000E+00,0.000000E+00,0.000000E+00,0.000000E+00,0.000000E+00,0.000000E+00,2.099748E+01,4.974006E+01,2.399858E+01,4.632927E+01
17:20:00,4.889449E+03,5.822013E+03,2.523315E-01,5.705078E-01,0.000000E+00,0.000000E+00,0.000000E+00,0.000000E+00,0.000000E+00,0.000000E+00,0.000000E+00,0.000000E+00,2.099748E+01,4.974120E+01,2.399859E+01,4.631742E+01,4.886229E+03,5.649114E+03,2.521653E-01,5.535659E-01,0.000000E+00,0.000000E+00,0.000000E+00,0.000000E+00,0.000000E+00,0.000000E+00,0.000000E+00,0.000000E+00,2.099748E+01,4.974007E+01,2.399858E+01,4.633677E+01
17:30:00,4.889471E+03,5.745669E+03,2.523326E-01,5.630265E-01,0.000000E+00,0.000000E+00,0.000000E+00,0.000000E+00,0.000000E+00,0.000000E+00,0.000000E+00,0.000000E+00,2.099748E+01,4.974120E+01,2.399859E+01,4.632797E+01,4.886251E+03,5.593847E+03,2.521665E-01,5.481501E-01,0.000000E+00,0.000000E+00,0.000000E+00,0.000000E+00,0.000000E+00,0.000000E+00,0.000000E+00,0.000000E+00,2.099748E+01,4.974007E+01,2.399858E+01,4.634503E+01
17:40:00,4.889492E+03,5.658248E+03,2.523337E-01,5.544599E-01,0.000000E+00,0.000000E+00,0.000000E+00,0.000000E+00,0.000000E+00,0.000000E+00,0.000000E+00,0.000000E+00,2.099748E+01,4.974121E+01,2.399859E+01,4.633995E+01,4.886274E+03,5.527640E+03,2.521676E-01,5.416622E-01,0.000000E+00,0.000000E+00,0.000000E+00,0.000000E+00,0.000000E+00,0.000000E+00,0.000000E+00,0.000000E+00,2.099748E+01,4.974008E+01,2.399858E+01,4.635459E+01
17:50:00,4.889514E+03,5.563750E+03,2.523348E-01,5.451998E-01,0.000000E+00,0.000000E+00,0.000000E+00,0.000000E+00,0.000000E+00,0.000000E+00,0.000000E+00,0.000000E+00,2.099748E+01,4.974122E+01,2.399860E+01,4.635376E+01,4.886296E+03,5.454518E+03,2.521687E-01,5.344967E-01,0.000000E+00,0.000000E+00,0.000000E+00,0.000000E+00,0.000000E+00,0.000000E+00,0.000000E+00,0.000000E+00,2.099748E+01,4.974009E+01,2.399858E+01,4.636586E+01
18:00:00,4.889535E+03,5.460249E+03,2.523359E-01,5.350575E-01,0.000000E+00,0.000000E+00,0.000000E+00,0.000000E+00,0.000000E+00,0.000000E+00,0.000000E+00,0.000000E+00,2.099748E+01,4.974123E+01,2.399860E+01,4.636957E+01,4.886318E+03,5.372163E+03,2.521699E-01,5.264265E-01,0.000000E+00,0.000000E+00,0.000000E+00,0.000000E+00,0.000000E+00,0.000000E+00,0.000000E+00,0.000000E+00,2.099748E+01,4.974010E+01,2.399859E+01,4.637908E+01
18:10:00,5.072932E+03,5.346050E+03,2.618005E-01,5.238670E-01,0.000000E+00,0.000000E+00,0.000000E+00,0.000000E+00,0.000000E+00,0.000000E+00,0.000000E+00,0.000000E+00,2.099748E+01,4.974123E+01,2.399860E+01,4.638748E+01,5.069715E+03,5.278312E+03,2.616345E-01,5.172298E-01,0.000000E+00,0.000000E+00,0.000000E+00,0.000000E+00,0.000000E+00,0.000000E+00,0.000000E+00,0.000000E+00,2.099748E+01,4.974010E+01,2.399859E+01,4.639443E+01
18:20:00,5.256387E+03,5.217043E+03,2.712672E-01,5.112253E-01,0.000000E+00,0.000000E+00,0.000000E+00,0.000000E+00,0.000000E+00,0.000000E+00,0.000000E+00,0.000000E+00,2.099713E+01,4.832547E+01,2.399860E+01,4.640804E+01,5.253171E+03,5.167066E+03,2.711012E-01,5.063285E-01,0.000000E+00,0.000000E+00,0.000000E+00,0.000000E+00,0.000000E+00,0.000000E+00,0.000000E+00,0.000000E+00,2.099713E+01,4.832419E+01,2.399859E+01,4.641257E+01
18:30:00,5.440092E+03,5.075035E+03,2.807416E-01,4.973096E-01,0.000000E+00,0.000000E+00,0.000000E+00,0.000000E+00,0.000000E+00,0.000000E+00,0.000000E+00,0.000000E+00,2.099524E+01,4.693870E+01,2.399861E+01,4.643346E+01,5.436876E+03,5.039829E+03,2.805757E-01,4.938602E-01,0.000000E+00,0.000000E+00,0.000000E+00,0.000000E+00,0.000000E+00,0.000000E+00,0.000000E+00,0.000000E+00,2.099524E+01,4.693702E+01,2.399860E+01,4.643638E+01
18:40:00,5.623998E+03,4.921775E+03,2.902205E-01,4.822913E-01,0.000000E+00,0.000000E+00,0.000000E+00,0.000000E+00,0.000000E+00,0.000000E+00,0.000000E+00,0.000000E+00,2.099303E+01,4.627377E+01,2.399861E+01,4.646299E+01,5.620783E+03,4.897765E+03,2.900546E-01,4.799390E-01,0.000000E+00,0.000000E+00,0.000000E+00,0.000000E+00,0.000000E+00,0.000000E+00,0.000000E+00,0.000000E+00,2.099303E+01,4.627163E+01,2.399861E+01,4.646506E+01
18:50:00,5.808003E+03,4.758748E+03,2.997007E-01,4.663159E-01,0.000000E+00,0.000000E+00,0.000000E+00,0.000000E+00,0.000000E+00,0.000000E+00,0.000000E+00,0.000000E+00,2.099166E+01,4.614780E+01,2.399861E+01,4.649534E+01,5.804788E+03,4.741682E+03,2.995348E-01,4.646440E-01,0.000000E+00,0.000000E+00,0.000000E+00,0.000000E+00,0.000000E+00,0.000000E+00,0.000000E+00,0.000000E+00,2.099166E+01,4.614537E+01,2.399861E+01,4.649715E+01
19:00:00,5.992048E+03,4.585540E+03,3.091816E-01,4.493430E-01,0.000000E+00,0.000000E+00,0.000000E+00,0.000000E+00,0.000000E+00,0.000000E+00,0.000000E+00,0.000000E+00,2.099117E+01,4.619937E+01,2.399861E+01,4.653013E+01,5.988833E+03,4.569611E+03,3.090158E-01,4.477823E-01,0.000000E+00,0.000000E+00,0.000000E+00,0.000000E+00,0.000000E+00,0.000000E+00,0.000000E+00,0.000000E+00,2.099117E+01,4.619685E+01,2.399861E+01,4.653243E+01
19:10:00,5.992741E+03,4.407339E+03,3.092002E-01,4.318808E-01,0.000000E+00,0.000000E+00,0.000000E+00,0.000000E+00,0.000000E+00,0.000000E+00,0.000000E+00,0.000000E+00,2.099112E+01,4.623933E+01,2.399861E+01,4.656879E+01,5.989527E+03,4.387264E+03,3.090343E-01,4.299137E-01,0.000000E+00,0.000000E+00,0.000000E+00,0.000000E+00,0.000000E+00,0.000000E+00,0.000000E+00,0.000000E+00,2.099112E+01,4.623683E+01,2.399861E+01,4.657329E+01
19:20:00,5.993397E+03,4.233425E+03,3.092179E-01,4.148386E-01,0.000000E+00,0.000000E+00,0.000000E+00,0.000000E+00,0.000000E+00,0.000000E+00,0.000000E+00,0.000000E+00,2.099116E+01,4.623957E+01,2.399861E+01,4.660995E+01,5.990184E+03,4.206503E+03,3.090521E-01,4.122005E-01,0.000000E+00,0.000000E+00,0.000000E+00,0.000000E+00,0.000000E+00,0.000000E+00,0.000000E+00,0.000000E+00,2.099116E+01,4.623708E+01,2.399861E+01,4.661812E+01
19:30:00,5.993825E+03,4.067303E+03,3.092289E-01,3.985602E-01,0.000000E+00,0.000000E+00,0.000000E+00,0.000000E+00,0.000000E+00,0.000000E+00,0.000000E+00,0.000000E+00,2.099117E+01,4.622585E+01,2.399860E+01,4.665091E+01,5.990611E+03,4.031970E+03,3.090631E-01,3.950978E-01,0.000000E+00,0.000000E+00,0.000000E+00,0.000000E+00,0.000000E+00,0.000000E+00,0.000000E+00,0.000000E+00,2.099117E+01,4.622336E+01,2.399860E+01,4.666308E+01
19:40:00,5.994067E+03,3.911883E+03,3.092363E-01,3.833306E-01,0.000000E+00,0.000000E+00,0.000000E+00,0.000000E+00,0.000000E+00,0.000000E+00,0.000000E+00,0.000000E+00,2.099116E+01,4.621666E+01,2.399858E+01,4.668968E+01,5.990854E+03,3.867684E+03,3.090705E-01,3.789994E-01,0.000000E+00,0.000000E+00,0.000000E+00,0.000000E+00,0.000000E+00,0.000000E+00,0.000000E+00,0.000000E+00,2.099116E+01,4.621417E+01,2.399859E+01,4.670522E+01
19:50:00,5.994225E+03,3.769439E+03,3.092430E-01,3.693725E-01,0.000000E+00,0.000000E+00,0.000000E+00,0.000000E+00,0.000000E+00,0.000000E+00,0.000000E+00,0.000000E+00,2.099114E+01,4.621444E+01,2.399857E+01,4.672562E+01,5.991013E+03,3.717009E+03,3.090773E-01,3.642346E-01,0.000000E+00,0.000000E+00,0.000000E+00,0.000000E+00,0.000000E+00,0.000000E+00,0.000000E+00,0.000000E+00,2.099114E+01,4.621195E+01,2.399857E+01,4.674364E+01
20:00:00,5.994355E+03,3.643373E+03,3.092496E-01,3.570194E-01,0.000000E+00,0.000000E+00,0.000000E+00,0.000000E+00,0.000000E+00,0.000000E+00,0.000000E+00,0.000000E+00,2.099113E+01,4.621530E+01,2.399856E+01,4.675911E+01,5.991143E+03,3.585341E+03,3.090839E-01,3.513326E-01,0.000000E+00,0.000000E+00,0.000000E+00,0.000000E+00,0.000000E+00,0.000000E+00,0.000000E+00,0.000000E+00,2.099113E+01,4.621281E+01,2.399856E+01,4.677890E+01
20:10:00,5.994470E+03,3.532096E+03,3.092556E-01,3.461156E-01,0.000000E+00,0.000000E+00,0.000000E+00,0.000000E+00,0.000000E+00,0.000000E+00,0.000000E+00,0.000000E+00,2.099113E+01,4.621627E+01,2.399855E+01,4.679095E+01,5.991259E+03,3.471113E+03,3.090900E-01,3.401396E-01,0.000000E+00,0.000000E+00,0.000000E+00,0.000000E+00,0.000000E+00,0.000000E+00,0.000000E+00,0.000000E+00,2.099113E+01,4.621377E+01,2.399855E+01,4.681207E+01
20:20:00,5.994573E+03,3.432852E+03,3.092608E-01,3.363908E-01,0.000000E+00,0.000000E+00,0.000000E+00,0.000000E+00,0.000000E+00,0.000000E+00,0.000000E+00,0.000000E+00,2.099113E+01,4.621657E+01,2.399854E+01,4.682166E+01,5.991362E+03,3.370728E+03,3.090952E-01,3.303032E-01,0.000000E+00,0.000000E+00,0.000000E+00,0.000000E+00,0.000000E+00,0.000000E+00,0.000000E+00,0.000000E+00,2.099113E+01,4.621408E+01,2.399854E+01,4.684386E+01
20:30:00,5.994663E+03,3.342819E+03,3.092654E-01,3.275687E-01,0.000000E+00,0.000000E+00,0.000000E+00,0.000000E+00,0.000000E+00,0.000000E+00,0.000000E+00,0.000000E+00,2.099113E+01,4.621651E+01,2.399853E+01,4.685161E+01,5.991453E+03,3.280614E+03,3.090998E-01,3.214731E-01,0.000000E+00,0.000000E+00,0.000000E+00,0.000000E+00,0.000000E+00,0.000000E+00,0.000000E+00,0.000000E+00,2.099113E+01,4.621402E+01,2.399853E+01,4.687471E+01
20:40:00,5.994743E+03,3.259790E+03,3.092694E-01,3.194329E-01,0.000000E+00,0.000000E+00,0.000000E+00,0.000000E+00,0.000000E+00,0.000000E+00,0.000000E+00,0.000000E+00,2.099113E+01,4.621644E+01,2.399853E+01,4.688101E+01,5.991533E+03,3.198099E+03,3.091039E-01,3.133877E-01,0.000000E+00,0.000000E+00,0.000000E+00,0.000000E+00,0.000000E+00,0.000000E+00,0.000000E+00,0.000000E+00,2.099113E+01,4.621394E+01,2.399852E+01,4.690489E+01
20:50:00,5.994814E+03,3.182278E+03,3.092731E-01,3.118376E-01,0.000000E+00,0.000000E+00,0.000000E+00,0.000000E+00,0.000000E+00,0.000000E+00,0.000000E+00,0.000000E+00,2.099113E+01,4.621644E+01,2.399852E+01,4.691004E+01,5.991606E+03,3.121457E+03,3.091076E-01,3.058777E-01,0.000000E+00,0.000000E+00,0.000000E+00,0.000000E+00,0.000000E+00,0.000000E+00,0.000000E+00,0.000000E+00,2.099113E+01,4.621394E+01,2.399852E+01,4.693457E+01
21:00:00,5.994880E+03,3.109422E+03,3.092765E-01,3.046986E-01,0.000000E+00,0.000000E+00,0.000000E+00,0.000000E+00,0.000000E+00,0.000000E+00,0.000000E+00,0.000000E+00,2.099113E+01,4.621649E+01,2.399852E+01,4.693877E+01,5.991672E+03,3.049696E+03,3.091110E-01,2.988459E-01,0.000000E+00,0.000000E+00,0.000000E+00,0.000000E+00,0.000000E+00,0.000000E+00,0.000000E+00,0.000000E+00,2.099113E+01,4.621400E+01,2.399851E+01,4.696387E+01
21:10:00,5.994941E+03,3.040454E+03,3.092796E-01,2.979405E-01,0.000000E+00,0.000000E+00,0.000000E+00,0.000000E+00,0.000000E+00,0.000000E+00,0.000000E+00,0.000000E+00,2.099113E+01,4.621655E+01,2.399851E+01,4.696728E+01,5.991733E+03,2.981963E+03,3.091142E-01,2.922089E-01,0.000000E+00,0.000000E+00,0.000000E+00,0.000000E+00,0.000000E+00,0.000000E+00,0.000000E+00,0.000000E+00,2.099113E+01,4.621406E+01,2.399851E+01,4.699289E+01
21:20:00,5.994998E+03,2.974895E+03,3.092826E-01,2.915164E-01,0.000000E+00,0.000000E+00,0.000000E+00,0.000000E+00,0.000000E+00,0.000000E+00,0.000000E+00,0.000000E+00,2.099113E+01,4.621660E+01,2.399851E+01,4.699564E+01,5.991790E+03,2.917728E+03,3.091171E-01,2.859145E-01,0.000000E+00,0.000000E+00,0.000000E+00,0.000000E+00,0.000000E+00,0.000000E+00,0.000000E+00,0.000000E+00,2.099113E+01,4.621411E+01,2.399850E+01,4.702168E+01
21:30:00,5.995050E+03,2.912367E+03,3.092853E-01,2.853893E-01,0.000000E+00,0.000000E+00,0.000000E+00,0.000000E+00,0.000000E+00,0.000000E+00,0.000000E+00,0.000000E+00,2.099113E+01,4.621664E+01,2.399850E+01,4.702389E+01,5.991843E+03,2.856574E+03,3.091198E-01,2.799220E-01,0.000000E+00,0.000000E+00,0.000000E+00,0.000000E+00,0.000000E+00,0.000000E+00,0.000000E+00,0.000000E+00,2.099113E+01,4.621414E+01,2.399850E+01,4.705032E+01
21:40:00,5.995100E+03,2.852554E+03,3.092878E-01,2.795282E-01,0.000000E+00,0.000000E+00,0.000000E+00,0.000000E+00,0.000000E+00,0.000000E+00,0.000000E+00,0.000000E+00,2.099113E+01,4.621667E+01,2.399850E+01,4.705208E+01,5.991894E+03,2.798160E+03,3.091224E-01,2.741981E-01,0.000000E+00,0.000000E+00,0.000000E+00,0.000000E+00,0.000000E+00,0.000000E+00,0.000000E+00,0.000000E+00,2.099113E+01,4.621418E+01,2.399849E+01,4.707887E+01
21:50:00,5.995147E+03,2.795187E+03,3.092903E-01,2.739068E-01,0.000000E+00,0.000000E+00,0.000000E+00,0.000000E+00,0.000000E+00,0.000000E+00,0.000000E+00,0.000000E+00,2.099113E+01,4.621670E+01,2.399849E+01,4.708025E+01,5.991941E+03,2.742201E+03,3.091249E-01,2.687146E-01,0.000000E+00,0.000000E+00,0.000000E+00,0.000000E+00,0.000000E+00,0.000000E+00,0.000000E+00,0.000000E+00,2.099113E+01,4.621421E+01,2.399849E+01,4.710735E+01
22:00:00,5.995191E+03,2.740039E+03,3.092925E-01,2.685029E-01,0.000000E+00,0.000000E+00,0.000000E+00,0.000000E+00,0.000000E+00,0.000000E+00,0.000000E+00,0.000000E+00,2.099113E+01,4.621674E+01,2.399849E+01,4.710844E+01,5.991986E+03,2.688455E+03,3.091272E-01,2.634481E-01,0.000000E+00,0.000000E+00,0.000000E+00,0.000000E+00,0.000000E+00,0.000000E+00,0.000000E+00,0.000000E+00,2.099113E+01,4.621425E+01,2.399848E+01,4.713583E+01
22:10:00,5.995233E+03,2.416203E+03,3.092947E-01,2.335271E-01,0.000000E+00,0.000000E+00,0.000000E+00,0.000000E+00,0.000000E+00,0.000000E+00,0.000000E+00,0.000000E+00,2.099113E+01,4.621677E+01,2.591299E+01,4.265578E+01,5.992029E+03,2.367593E+03,3.091294E-01,2.289056E-01,0.000000E+00,0.000000E+00,0.000000E+00,0.000000E+00,0.000000E+00,0.000000E+00,0.000000E+00,0.000000E+00,2.099113E+01,4.621428E+01,2.590070E+01,4.271457E+01
22:20:00,5.995274E+03,2.179027E+03,3.092968E-01,2.055774E-01,0.000000E+00,0.000000E+00,0.000000E+00,0.000000E+00,0.000000E+00,0.000000E+00,0.000000E+00,0.000000E+00,2.099113E+01,4.621680E+01,2.644927E+01,4.157588E+01,5.992070E+03,2.133038E+03,3.091315E-01,2.013344E-01,0.000000E+00,0.000000E+00,0.000000E+00,0.000000E+00,0.000000E+00,0.000000E+00,0.000000E+00,0.000000E+00,2.099113E+01,4.621431E+01,2.644359E+01,4.162026E+01
22:30:00,5.995313E+03,1.956920E+03,3.092988E-01,1.788434E-01,0.000000E+00,0.000000E+00,0.000000E+00,0.000000E+00,0.000000E+00,0.000000E+00,0.000000E+00,0.000000E+00,2.099113E+01,4.621683E+01,2.669692E+01,4.142450E+01,5.992109E+03,1.914509E+03,3.091336E-01,1.750576E-01,0.000000E+00,0.000000E+00,0.000000E+00,0.000000E+00,0.000000E+00,0.000000E+00,0.000000E+00,0.000000E+00,2.099113E+01,4.621434E+01,2.669704E+01,4.145920E+01
22:40:00,5.995350E+03,1.746554E+03,3.093008E-01,1.532006E-01,0.000000E+00,0.000000E+00,0.000000E+00,0.000000E+00,0.000000E+00,0.000000E+00,0.000000E+00,0.000000E+00,2.099113E+01,4.621686E+01,2.669806E+01,4.167310E+01,5.992147E+03,1.706331E+03,3.091355E-01,1.497602E-01,0.000000E+00,0.000000E+00,0.000000E+00,0.000000E+00,0.000000E+00,0.000000E+00,0.000000E+00,0.000000E+00,2.099113E+01,4.621437E+01,2.669808E+01,4.171197E+01
22:50:00,5.995387E+03,1.551384E+03,3.093026E-01,1.289108E-01,0.000000E+00,0.000000E+00,0.000000E+00,0.000000E+00,0.000000E+00,0.000000E+00,0.000000E+00,0.000000E+00,2.099113E+01,4.621689E+01,2.669802E+01,4.203340E+01,5.992184E+03,1.513443E+03,3.091374E-01,1.258182E-01,0.000000E+00,0.000000E+00,0.000000E+00,0.000000E+00,0.000000E+00,0.000000E+00,0.000000E+00,0.000000E+00,2.099113E+01,4.621440E+01,2.669804E+01,4.207927E+01
23:00:00,5.995422E+03,1.363202E+03,3.093045E-01,1.053348E-01,0.000000E+00,0.000000E+00,0.000000E+00,0.000000E+00,0.000000E+00,0.000000E+00,0.000000E+00,0.000000E+00,2.099113E+01,4.621691E+01,2.669775E+01,4.227033E+01,5.992220E+03,1.327408E+03,3.091392E-01,1.025749E-01,0.000000E+00,0.000000E+00,0.000000E+00,0.000000E+00,0.000000E+00,0.000000E+00,0.000000E+00,0.000000E+00,2.099113E+01,4.621442E+01,2.669776E+01,4.232271E+01
23:10:00,5.995456E+03,1.451830E+03,3.093062E-01,1.121683E-01,0.000000E+00,0.000000E+00,0.000000E+00,0.000000E+00,0.000000E+00,0.000000E+00,0.000000E+00,0.000000E+00,2.099113E+01,4.621694E+01,2.669758E+01,4.240348E+01,5.992254E+03,1.416489E+03,3.091410E-01,1.094310E-01,0.000000E+00,0.000000E+00,0.000000E+00,0.000000E+00,0.000000E+00,0.000000E+00,0.000000E+00,0.000000E+00,2.099113E+01,4.621445E+01,2.669759E+01,4.246077E+01
23:20:00,5.995489E+03,1.461105E+03,3.093079E-01,1.127419E-01,0.000000E+00,0.000000E+00,0.000000E+00,0.000000E+00,0.000000E+00,0.000000E+00,0.000000E+00,0.000000E+00,2.099113E+01,4.621696E+01,2.669749E+01,4.247791E+01,5.992288E+03,1.426454E+03,3.091428E-01,1.100679E-01,0.000000E+00,0.000000E+00,0.000000E+00,0.000000E+00,0.000000E+00,0.000000E+00,0.000000E+00,0.000000E+00,2.099113E+01,4.621448E+01,2.669750E+01,4.253839E+01
23:30:00,5.995522E+03,1.461938E+03,3.093096E-01,1.128054E-01,0.000000E+00,0.000000E+00,0.000000E+00,0.000000E+00,0.000000E+00,0.000000E+00,0.000000E+00,0.000000E+00,2.099113E+01,4.621699E+01,2.669745E+01,4.252742E+01,5.992321E+03,1.426910E+03,3.091445E-01,1.101025E-01,0.000000E+00,0.000000E+00,0.000000E+00,0.000000E+00,0.000000E+00,0.000000E+00,0.000000E+00,0.000000E+00,2.099113E+01,4.621450E+01,2.669746E+01,4.258973E+01
23:40:00,5.995553E+03,1.457076E+03,3.093112E-01,1.124312E-01,0.000000E+00,0.000000E+00,0.000000E+00,0.000000E+00,0.000000E+00,0.000000E+00,0.000000E+00,0.000000E+00,2.099113E+01,4.621701E+01,2.669744E+01,4.256885E+01,5.992353E+03,1.422954E+03,3.091461E-01,1.097981E-01,0.000000E+00,0.000000E+00,0.000000E+00,0.000000E+00,0.000000E+00,0.000000E+00,0.000000E+00,0.000000E+00,2.099113E+01,4.621453E+01,2.669745E+01,4.263210E+01
23:50:00,5.995584E+03,1.442562E+03,3.093128E-01,1.113120E-01,0.000000E+00,0.000000E+00,0.000000E+00,0.000000E+00,0.000000E+00,0.000000E+00,0.000000E+00,0.000000E+00,2.099113E+01,4.621704E+01,2.669744E+01,4.260832E+01,5.992385E+03,1.409151E+03,3.091478E-01,1.087340E-01,0.000000E+00,0.000000E+00,0.000000E+00,0.000000E+00,0.000000E+00,0.000000E+00,0.000000E+00,0.000000E+00,2.099113E+01,4.621455E+01,2.669744E+01,4.267200E+01
24:00:00,5.995615E+03,1.426170E+03,3.093144E-01,1.100477E-01,0.000000E+00,0.000000E+00,0.000000E+00,0.000000E+00,0.000000E+00,0.000000E+00,0.000000E+00,0.000000E+00,2.099113E+01,4.621706E+01,2.669744E+01,4.264757E+01,5.992416E+03,1.393510E+03,3.091494E-01,1.075275E-01,0.000000E+00,0.000000E+00,0.000000E+00,0.000000E+00,0.000000E+00,0.000000E+00,0.000000E+00,0.000000E+00,2.099113E+01,4.621457E+01,2.669744E+01,4.271138E+01
Peak,5.995615E+03,6.064715E+03,3.093144E-01,5.942917E-01,0.000000E+00,0.000000E+00,0.000000E+00,0.000000E+00,0.000000E+00,0.000000E+00,0.000000E+00,0.000000E+00,,,,,5.992416E+03,5.760342E+03,3.091494E-01,5.644664E-01,0.000000E+00,0.000000E+00,0.000000E+00,0.000000E+00,0.000000E+00,0.000000E+00,0.000000E+00,0.000000E+00,,,,

Peak Vol Flow (m3/s),,,2.578164E-01,4.953477E-01,,,0.000000E+00,0.000000E+00,,,,,,,,,,,2.576789E-01,4.704880E-01,,,0.000000E+00,0.000000E+00,,,,,,,,
