Time,AIR LOOP HVAC 1:DesPer 1:Des Heat Mass Flow [kg/s],AIR LOOP HVAC 1:DesPer 1:Des Heat Cap [W],AIR LOOP HVAC 1:DesPer 1:Des Cool Mass Flow [kg/s],AIR LOOP HVAC 1:DesPer 1:Des Sens Cool Cap [W],AIR LOOP HVAC 1:DesPer 1:Des Tot Cool Cap [W],AIR LOOP HVAC 1:DesPer 2:Des Heat Mass Flow [kg/s],AIR LOOP HVAC 1:DesPer 2:Des Heat Cap [W],AIR LOOP HVAC 1:DesPer 2:Des Cool Mass Flow [kg/s],AIR LOOP HVAC 1:DesPer 2:Des Sens Cool Cap [W],AIR LOOP HVAC 1:DesPer 2:Des Tot Cool Cap [W],AIR LOOP HVAC 1:DesPer 3:Des Heat Mass Flow [kg/s],AIR LOOP HVAC 1:DesPer 3:Des Heat Cap [W],AIR LOOP HVAC 1:DesPer 3:Des Cool Mass Flow [kg/s],AIR LOOP HVAC 1:DesPer 3:Des Sens Cool Cap [W],AIR LOOP HVAC 1:DesPer 3:Des Tot Cool Cap [W],AIR LOOP HVAC 1:DesPer 4:Des Heat Mass Flow [kg/s],AIR LOOP HVAC 1:DesPer 4:Des Heat Cap [W],AIR LOOP HVAC 1:DesPer 4:Des Cool Mass Flow [kg/s],AIR LOOP HVAC 1:DesPer 4:Des Sens Cool Cap [W],AIR LOOP HVAC 1:DesPer 4:Des Tot Cool Cap [W],AIR LOOP HVAC 1:DesPer 5:Des Heat Mass Flow [kg/s],AIR LOOP HVAC 1:DesPer 5:Des Heat Cap [W],AIR LOOP HVAC 1:DesPer 5:Des Cool Mass Flow [kg/s],AIR LOOP HVAC 1:DesPer 5:Des Sens Cool Cap [W],AIR LOOP HVAC 1:DesPer 5:Des Tot Cool Cap [W],AIR LOOP HVAC 1:DesPer 6:Des Heat Mass Flow [kg/s],AIR LOOP HVAC 1:DesPer 6:Des Heat Cap [W],AIR LOOP HVAC 1:DesPer 6:Des Cool Mass Flow [kg/s],AIR LOOP HVAC 1:DesPer 6:Des Sens Cool Cap [W],AIR LOOP HVAC 1:DesPer 6:Des Tot Cool Cap [W],AIR LOOP HVAC 1:DesPer 7:Des Heat Mass Flow [kg/s],AIR LOOP HVAC 1:DesPer 7:Des Heat Cap [W],AIR LOOP HVAC 1:DesPer 7:Des Cool Mass Flow [kg/s],AIR LOOP HVAC 1:DesPer 7:Des Sens Cool Cap [W],AIR LOOP HVAC 1:DesPer 7:Des Tot Cool Cap [W]
00:10:00,4.508365E-02,0.000000E+00,2.466315E-01,3.646320E+03,5.697511E+03,4.508365E-02,0.000000E+00,1.042178E-01,9.124615E+02,2.974156E+03,4.508365E-02,0.000000E+00,1.323501E-01,1.318360E+03,4.367559E+03,4.508365E-02,0.000000E+00,1.419567E-01,1.471113E+03,4.902921E+03,7.729864E-01,2.136041E+04,4.508365E-02,0.000000E+00,0.000000E+00,5.547407E-01,1.020108E+04,4.508365E-02,0.000000E+00,0.000000E+00,6.424227E-01,1.336276E+04,4.508365E-02,0.000000E+00,0.000000E+00
00:20:00,4.508365E-02,0.000000E+00,2.428913E-01,3.569300E+03,5.588824E+03,4.508365E-02,0.000000E+00,1.004681E-01,8.706467E+02,2.834785E+03,4.508365E-02,0.000000E+00,1.287107E-01,1.270598E+03,4.203865E+03,4.508365E-02,0.000000E+00,1.382400E-01,1.420233E+03,4.726933E+03,7.728937E-01,2.135784E+04,4.508365E-02,0.000000E+00,0.000000E+00,5.546947E-01,1.020023E+04,4.508365E-02,0.000000E+00,0.000000E+00,6.422643E-01,1.335946E+04,4.508365E-02,0.000000E+00,0.000000E+00
00:30:00,4.508365E-02,0.000000E+00,2.390373E-01,3.491288E+03,5.478213E+03,4.508365E-02,0.000000E+00,9.658341E-02,8.283445E+02,2.694178E+03,4.508365E-02,0.000000E+00,1.250605E-01,1.223380E+03,4.042445E+03,4.508365E-02,0.000000E+00,1.344998E-01,1.369779E+03,4.552883E+03,7.728016E-01,2.135530E+04,4.508365E-02,0.000000E+00,0.000000E+00,5.546491E-01,1.019939E+04,4.508365E-02,0.000000E+00,0.000000E+00,6.421067E-01,1.335619E+04,4.508365E-02,0.000000E+00,0.000000E+00
00:40:00,4.508365E-02,0.000000E+00,2.351076E-01,3.412866E+03,5.366581E+03,4.508365E-02,0.000000E+00,9.257253E-02,7.856663E+02,2.552695E+03,4.508365E-02,0.000000E+00,1.213576E-01,1.176303E+03,3.881953E+03,4.508365E-02,0.000000E+00,1.307764E-01,1.320163E+03,4.382132E+03,7.727100E-01,2.135277E+04,4.508365E-02,0.000000E+00,0.000000E+00,5.546038E-01,1.019856E+04,4.508365E-02,0.000000E+00,0.000000E+00,6.419501E-01,1.335293E+04,4.508365E-02,0.000000E+00,0.000000E+00
00:50:00,4.508365E-02,0.000000E+00,2.311343E-01,3.334518E+03,5.254684E+03,4.508365E-02,0.000000E+00,8.850465E-02,7.432269E+02,2.412328E+03,4.508365E-02,0.000000E+00,1.176003E-01,1.129367E+03,3.722378E+03,4.508365E-02,0.000000E+00,1.270693E-01,1.271376E+03,4.214630E+03,7.726191E-01,2.135025E+04,4.508365E-02,0.000000E+00,0.000000E+00,5.545589E-01,1.019773E+04,4.508365E-02,0.000000E+00,0.000000E+00,6.417944E-01,1.334969E+04,4.508365E-02,0.000000E+00,0.000000E+00
01:00:00,4.508365E-02,0.000000E+00,2.271467E-01,3.256675E+03,5.143186E+03,4.508365E-02,0.000000E+00,8.443239E-02,7.014787E+02,2.274534E+03,4.508365E-02,0.000000E+00,1.137940E-01,1.082636E+03,3.563928E+03,4.508365E-02,0.000000E+00,1.233214E-01,1.222848E+03,4.048472E+03,7.725286E-01,2.134776E+04,4.508365E-02,0.000000E+00,0.000000E+00,5.545143E-01,1.019692E+04,4.508365E-02,0.000000E+00,0.000000E+00,6.416396E-01,1.334647E+04,4.508365E-02,0.000000E+00,0.000000E+00
01:10:00,4.508365E-02,0.000000E+00,2.237134E-01,3.194114E+03,5.051763E+03,4.508365E-02,0.000000E+00,8.086030E-02,6.669802E+02,2.161247E+03,4.508365E-02,0.000000E+00,1.104402E-01,1.044143E+03,3.434397E+03,4.508365E-02,0.000000E+00,1.200534E-01,1.183285E+03,3.914116E+03,7.725360E-01,2.134796E+04,4.508365E-02,0.000000E+00,0.000000E+00,5.545185E-01,1.019699E+04,4.508365E-02,0.000000E+00,0.000000E+00,6.416511E-01,1.334671E+04,4.508365E-02,0.000000E+00,0.000000E+00
01:20:00,4.508365E-02,0.000000E+00,2.203266E-01,3.132622E+03,4.961810E+03,4.508365E-02,0.000000E+00,7.735915E-02,6.334885E+02,2.051389E+03,4.508365E-02,0.000000E+00,1.070675E-01,1.005874E+03,3.305833E+03,4.508365E-02,0.000000E+00,1.167797E-01,1.144055E+03,3.781111E+03,7.725432E-01,2.134816E+04,4.508365E-02,0.000000E+00,0.000000E+00,5.545225E-01,1.019707E+04,4.508365E-02,0.000000E+00,0.000000E+00,6.416625E-01,1.334695E+04,4.508365E-02,0.000000E+00,0.000000E+00
01:30:00,4.508365E-02,0.000000E+00,2.169907E-01,3.072253E+03,4.873413E+03,4.508365E-02,0.000000E+00,7.396348E-02,6.012718E+02,1.945817E+03,4.508365E-02,0.000000E+00,1.036800E-01,9.678673E+02,3.178362E+03,4.508365E-02,0.000000E+00,1.135012E-01,1.105170E+03,3.649490E+03,7.725504E-01,2.134836E+04,4.508365E-02,0.000000E+00,0.000000E+00,5.545265E-01,1.019714E+04,4.508365E-02,0.000000E+00,0.000000E+00,6.416738E-01,1.334718E+04,4.508365E-02,0.000000E+00,0.000000E+00
01:40:00,4.508365E-02,0.000000E+00,2.137111E-01,3.013077E+03,4.786682E+03,4.508365E-02,0.000000E+00,7.066200E-02,5.702201E+02,1.844165E+03,4.508365E-02,0.000000E+00,1.003387E-01,9.306929E+02,3.053845E+03,4.508365E-02,0.000000E+00,1.102143E-01,1.066594E+03,3.519135E+03,7.725574E-01,2.134855E+04,4.508365E-02,0.000000E+00,0.000000E+00,5.545305E-01,1.019721E+04,4.508365E-02,0.000000E+00,0.000000E+00,6.416850E-01,1.334742E+04,4.508365E-02,0.000000E+00,0.000000E+00
01:50:00,4.508365E-02,0.000000E+00,2.104922E-01,2.955145E+03,4.701712E+03,4.508365E-02,0.000000E+00,6.745735E-02,5.403376E+02,1.746437E+03,4.508365E-02,0.000000E+00,9.706697E-02,8.945588E+02,2.932956E+03,4.508365E-02,0.000000E+00,1.069458E-01,1.028588E+03,3.390894E+03,7.725644E-01,2.134874E+04,4.508365E-02,0.000000E+00,0.000000E+00,5.545344E-01,1.019728E+04,4.508365E-02,0.000000E+00,0.000000E+00,6.416960E-01,1.334764E+04,4.508365E-02,0.000000E+00,0.000000E+00
02:00:00,4.508365E-02,0.000000E+00,2.073351E-01,2.898460E+03,4.618510E+03,4.508365E-02,0.000000E+00,6.431688E-02,5.113476E+02,1.651730E+03,4.508365E-02,0.000000E+00,9.386881E-02,8.594883E+02,2.815762E+03,4.508365E-02,0.000000E+00,1.037510E-01,9.916745E+02,3.266489E+03,7.725713E-01,2.134893E+04,4.508365E-02,0.000000E+00,0.000000E+00,5.545382E-01,1.019735E+04,4.508365E-02,0.000000E+00,0.000000E+00,6.417070E-01,1.334787E+04,4.508365E-02,0.000000E+00,0.000000E+00
02:10:00,4.508365E-02,0.000000E+00,2.042171E-01,2.845740E+03,4.539689E+03,4.508365E-02,0.000000E+00,6.119783E-02,4.838132E+02,1.562085E+03,4.508365E-02,0.000000E+00,9.072420E-02,8.266386E+02,2.706563E+03,4.508365E-02,0.000000E+00,1.006102E-01,9.571552E+02,3.150835E+03,7.725781E-01,2.134912E+04,4.508365E-02,0.000000E+00,0.000000E+00,5.545420E-01,1.019742E+04,4.508365E-02,0.000000E+00,0.000000E+00,6.417178E-01,1.334810E+04,4.508365E-02,0.000000E+00,0.000000E+00
02:20:00,4.508365E-02,0.000000E+00,2.011465E-01,2.793958E+03,4.462201E+03,4.508365E-02,0.000000E+00,5.809160E-02,4.566586E+02,1.473755E+03,4.508365E-02,0.000000E+00,8.763824E-02,7.946019E+02,2.600162E+03,4.508365E-02,0.000000E+00,9.753234E-02,9.235126E+02,3.038218E+03,7.725848E-01,2.134931E+04,4.508365E-02,0.000000E+00,0.000000E+00,5.545457E-01,1.019749E+04,4.508365E-02,0.000000E+00,0.000000E+00,6.417285E-01,1.334832E+04,4.508365E-02,0.000000E+00,0.000000E+00
02:30:00,4.508365E-02,0.000000E+00,1.981336E-01,2.743248E+03,4.386276E+03,4.508365E-02,0.000000E+00,5.496987E-02,4.296606E+02,1.386017E+03,4.508365E-02,0.000000E+00,8.464072E-02,7.636389E+02,2.497405E+03,4.508365E-02,0.000000E+00,9.451541E-02,8.907194E+02,2.928543E+03,7.725914E-01,2.134949E+04,4.508365E-02,0.000000E+00,0.000000E+00,5.545494E-01,1.019756E+04,4.508365E-02,0.000000E+00,0.000000E+00,6.417391E-01,1.334854E+04,4.508365E-02,0.000000E+00,0.000000E+00
02:40:00,4.508365E-02,0.000000E+00,1.951854E-01,2.693701E+03,4.312055E+03,4.508365E-02,0.000000E+00,5.184533E-02,4.029200E+02,1.299193E+03,4.508365E-02,0.000000E+00,8.176143E-02,7.340056E+02,2.399121E+03,4.508365E-02,0.000000E+00,9.156001E-02,8.587734E+02,2.821794E+03,7.725980E-01,2.134967E+04,4.508365E-02,0.000000E+00,0.000000E+00,5.545530E-01,1.019763E+04,4.508365E-02,0.000000E+00,0.000000E+00,6.417497E-01,1.334876E+04,4.508365E-02,0.000000E+00,0.000000E+00
02:50:00,4.508365E-02,0.000000E+00,1.923067E-01,2.645373E+03,4.239634E+03,4.508365E-02,0.000000E+00,4.871364E-02,3.764035E+02,1.213174E+03,4.508365E-02,0.000000E+00,7.899033E-02,7.055962E+02,2.304958E+03,4.508365E-02,0.000000E+00,8.867614E-02,8.277593E+02,2.718245E+03,7.726045E-01,2.134985E+04,4.508365E-02,0.000000E+00,0.000000E+00,5.545566E-01,1.019769E+04,4.508365E-02,0.000000E+00,0.000000E+00,6.417601E-01,1.334898E+04,4.508365E-02,0.000000E+00,0.000000E+00
03:00:00,4.508365E-02,0.000000E+00,1.895014E-01,2.598309E+03,4.169096E+03,4.508365E-02,0.000000E+00,4.619052E-02,3.548422E+02,1.143200E+03,4.508365E-02,0.000000E+00,7.630143E-02,6.781652E+02,2.214104E+03,4.508365E-02,0.000000E+00,8.591918E-02,7.981821E+02,2.619546E+03,7.726109E-01,2.135003E+04,4.508365E-02,0.000000E+00,0.000000E+00,5.545601E-01,1.019776E+04,4.508365E-02,0.000000E+00,0.000000E+00,6.417704E-01,1.334919E+04,4.508365E-02,0.000000E+00,0.000000E+00
03:10:00,4.508365E-02,0.000000E+00,1.867489E-01,2.552218E+03,4.099974E+03,4.508365E-02,0.000000E+00,4.508365E-02,3.443231E+02,1.108851E+03,4.508365E-02,0.000000E+00,7.365222E-02,6.513256E+02,2.125290E+03,4.508365E-02,0.000000E+00,8.324199E-02,7.695890E+02,2.524203E+03,7.726173E-01,2.135021E+04,4.508365E-02,0.000000E+00,0.000000E+00,5.545636E-01,1.019782E+04,4.508365E-02,0.000000E+00,0.000000E+00,6.417807E-01,1.334941E+04,4.508365E-02,0.000000E+00,0.000000E+00
03:20:00,4.508365E-02,0.000000E+00,1.840501E-01,2.507105E+03,4.032279E+03,4.508365E-02,0.000000E+00,4.508365E-02,3.423071E+02,1.101910E+03,4.508365E-02,0.000000E+00,7.101990E-02,6.248716E+02,2.037842E+03,4.508365E-02,0.000000E+00,8.064358E-02,7.419601E+02,2.432142E+03,7.726236E-01,2.135038E+04,4.508365E-02,0.000000E+00,0.000000E+00,5.545671E-01,1.019788E+04,4.508365E-02,0.000000E+00,0.000000E+00,6.417908E-01,1.334962E+04,4.508365E-02,0.000000E+00,0.000000E+00
03:30:00,4.508365E-02,0.000000E+00,1.814063E-01,2.462980E+03,3.966036E+03,4.508365E-02,0.000000E+00,4.508365E-02,3.402912E+02,1.094981E+03,4.508365E-02,0.000000E+00,6.837589E-02,5.985506E+02,1.950932E+03,4.508365E-02,0.000000E+00,7.809548E-02,7.150242E+02,2.342469E+03,7.726298E-01,2.135055E+04,4.508365E-02,0.000000E+00,0.000000E+00,5.545705E-01,1.019795E+04,4.508365E-02,0.000000E+00,0.000000E+00,6.418009E-01,1.334983E+04,4.508365E-02,0.000000E+00,0.000000E+00
03:40:00,4.508365E-02,0.000000E+00,1.788189E-01,2.419854E+03,3.901266E+03,4.508365E-02,0.000000E+00,4.508365E-02,3.382752E+02,1.088065E+03,4.508365E-02,0.000000E+00,6.569078E-02,5.721082E+02,1.863730E+03,4.508365E-02,0.000000E+00,7.557944E-02,6.886083E+02,2.254612E+03,7.726360E-01,2.135072E+04,4.508365E-02,0.000000E+00,0.000000E+00,5.545738E-01,1.019801E+04,4.508365E-02,0.000000E+00,0.000000E+00,6.418108E-01,1.335003E+04,4.508365E-02,0.000000E+00,0.000000E+00
03:50:00,4.508365E-02,0.000000E+00,1.762892E-01,2.377739E+03,3.837989E+03,4.508365E-02,0.000000E+00,4.508365E-02,3.362592E+02,1.081161E+03,4.508365E-02,0.000000E+00,6.296692E-02,5.455701E+02,1.776319E+03,4.508365E-02,0.000000E+00,7.307256E-02,6.625004E+02,2.167874E+03,7.726421E-01,2.135089E+04,4.508365E-02,0.000000E+00,0.000000E+00,5.545771E-01,1.019807E+04,4.508365E-02,0.000000E+00,0.000000E+00,6.418207E-01,1.335024E+04,4.508365E-02,0.000000E+00,0.000000E+00
04:00:00,4.508365E-02,0.000000E+00,1.738191E-01,2.336649E+03,3.776238E+03,4.508365E-02,0.000000E+00,4.508365E-02,3.342433E+02,1.074270E+03,4.508365E-02,0.000000E+00,6.023018E-02,5.191647E+02,1.689441E+03,4.508365E-02,0.000000E+00,7.053121E-02,6.363058E+02,2.080961E+03,7.726481E-01,2.135106E+04,4.508365E-02,0.000000E+00,0.000000E+00,5.545804E-01,1.019813E+04,4.508365E-02,0.000000E+00,0.000000E+00,6.418305E-01,1.335044E+04,4.508365E-02,0.000000E+00,0.000000E+00
04:10:00,4.508365E-02,0.000000E+00,1.714355E-01,2.299497E+03,3.719213E+03,4.508365E-02,0.000000E+00,4.508365E-02,3.328993E+02,1.069683E+03,4.508365E-02,0.000000E+00,5.751413E-02,4.940387E+02,1.607108E+03,4.508365E-02,0.000000E+00,6.799134E-02,6.113651E+02,1.998634E+03,7.726541E-01,2.135122E+04,4.508365E-02,0.000000E+00,0.000000E+00,5.545836E-01,1.019819E+04,4.508365E-02,0.000000E+00,0.000000E+00,6.418402E-01,1.335064E+04,4.508365E-02,0.000000E+00,0.000000E+00
04:20:00,4.508365E-02,0.000000E+00,1.691447E-01,2.263727E+03,3.664340E+03,4.508365E-02,0.000000E+00,4.508365E-02,3.315553E+02,1.065102E+03,4.508365E-02,0.000000E+00,5.482876E-02,4.693372E+02,1.526217E+03,4.508365E-02,0.000000E+00,6.544627E-02,5.865293E+02,1.916715E+03,7.726600E-01,2.135139E+04,4.508365E-02,0.000000E+00,0.000000E+00,5.545868E-01,1.019825E+04,4.508365E-02,0.000000E+00,0.000000E+00,6.418499E-01,1.335084E+04,4.508365E-02,0.000000E+00,0.000000E+00
04:30:00,4.508365E-02,0.000000E+00,1.669391E-01,2.229232E+03,3.611453E+03,4.508365E-02,0.000000E+00,4.508365E-02,3.302113E+02,1.060526E+03,4.508365E-02,0.000000E+00,5.218012E-02,4.451092E+02,1.446925E+03,4.508365E-02,0.000000E+00,6.292141E-02,5.620258E+02,1.835947E+03,7.726658E-01,2.135155E+04,4.508365E-02,0.000000E+00,0.000000E+00,5.545900E-01,1.019831E+04,4.508365E-02,0.000000E+00,0.000000E+00,6.418594E-01,1.335104E+04,4.508365E-02,0.000000E+00,0.000000E+00
04:40:00,4.508365E-02,0.000000E+00,1.647862E-01,2.195571E+03,3.559839E+03,4.508365E-02,0.000000E+00,4.508365E-02,3.288673E+02,1.055955E+03,4.508365E-02,0.000000E+00,4.957326E-02,4.213942E+02,1.369358E+03,4.508365E-02,0.000000E+00,6.042395E-02,5.379168E+02,1.756532E+03,7.726716E-01,2.135171E+04,4.508365E-02,0.000000E+00,0.000000E+00,5.545931E-01,1.019836E+04,4.508365E-02,0.000000E+00,0.000000E+00,6.418689E-01,1.335124E+04,4.508365E-02,0.000000E+00,0.000000E+00
04:50:00,4.508365E-02,0.000000E+00,1.626749E-01,2.162591E+03,3.509256E+03,4.508365E-02,0.000000E+00,4.508365E-02,3.275234E+02,1.051390E+03,4.508365E-02,0.000000E+00,4.701234E-02,3.982238E+02,1.293617E+03,4.508365E-02,0.000000E+00,5.796107E-02,5.142634E+02,1.678666E+03,7.726774E-01,2.135187E+04,4.508365E-02,0.000000E+00,0.000000E+00,5.545962E-01,1.019842E+04,4.508365E-02,0.000000E+00,0.000000E+00,6.418783E-01,1.335144E+04,4.508365E-02,0.000000E+00,0.000000E+00
05:00:00,4.508365E-02,0.000000E+00,1.605976E-01,2.130188E+03,3.459534E+03,4.508365E-02,0.000000E+00,4.508365E-02,3.261794E+02,1.046831E+03,4.508365E-02,0.000000E+00,4.551667E-02,3.841977E+02,1.247625E+03,4.508365E-02,0.000000E+00,5.553790E-02,4.911081E+02,1.602487E+03,7.726830E-01,2.135202E+04,4.508365E-02,0.000000E+00,0.000000E+00,5.545992E-01,1.019848E+04,4.508365E-02,0.000000E+00,0.000000E+00,6.418876E-01,1.335163E+04,4.508365E-02,0.000000E+00,0.000000E+00
05:10:00,4.508365E-02,0.000000E+00,1.586618E-01,2.109241E+03,3.422685E+03,4.508365E-02,0.000000E+00,4.508365E-02,3.275234E+02,1.051390E+03,4.508365E-02,0.000000E+00,4.508365E-02,3.818866E+02,1.240546E+03,4.508365E-02,0.000000E+00,5.328892E-02,4.728094E+02,1.543352E+03,7.726887E-01,2.135218E+04,4.508365E-02,0.000000E+00,0.000000E+00,5.546022E-01,1.019853E+04,4.508365E-02,0.000000E+00,0.000000E+00,6.418968E-01,1.335182E+04,4.508365E-02,0.000000E+00,0.000000E+00
05:20:00,4.508365E-02,0.000000E+00,1.569998E-01,2.091827E+03,3.391632E+03,4.508365E-02,0.000000E+00,4.508365E-02,3.288673E+02,1.055955E+03,4.508365E-02,0.000000E+00,4.508365E-02,3.832306E+02,1.245342E+03,4.508365E-02,0.000000E+00,5.138549E-02,4.574530E+02,1.493783E+03,7.726942E-01,2.135233E+04,4.508365E-02,0.000000E+00,0.000000E+00,5.546052E-01,1.019859E+04,4.508365E-02,0.000000E+00,0.000000E+00,6.419060E-01,1.335201E+04,4.508365E-02,0.000000E+00,0.000000E+00
05:30:00,4.508365E-02,0.000000E+00,1.559092E-01,2.081944E+03,3.372840E+03,4.508365E-02,0.000000E+00,4.508365E-02,3.302113E+02,1.060526E+03,4.508365E-02,0.000000E+00,4.508365E-02,3.845745E+02,1.250144E+03,4.508365E-02,0.000000E+00,5.018088E-02,4.482250E+02,1.464199E+03,7.726998E-01,2.135248E+04,4.508365E-02,0.000000E+00,0.000000E+00,5.546081E-01,1.019864E+04,4.508365E-02,0.000000E+00,0.000000E+00,6.419151E-01,1.335220E+04,4.508365E-02,0.000000E+00,0.000000E+00
05:40:00,4.508365E-02,0.000000E+00,1.558790E-01,2.086187E+03,3.376952E+03,4.508365E-02,0.000000E+00,4.508365E-02,3.315553E+02,1.065102E+03,4.508365E-02,0.000000E+00,4.508365E-02,3.859185E+02,1.254952E+03,4.508365E-02,0.000000E+00,5.023667E-02,4.502209E+02,1.471274E+03,7.727052E-01,2.135264E+04,4.508365E-02,0.000000E+00,0.000000E+00,5.546111E-01,1.019869E+04,4.508365E-02,0.000000E+00,0.000000E+00,6.419241E-01,1.335239E+04,4.508365E-02,0.000000E+00,0.000000E+00
05:50:00,4.508365E-02,0.000000E+00,1.575367E-01,2.113070E+03,3.417685E+03,4.508365E-02,0.000000E+00,4.508365E-02,3.328993E+02,1.069683E+03,4.508365E-02,0.000000E+00,4.508365E-02,3.872625E+02,1.259765E+03,4.508365E-02,0.000000E+00,5.235613E-02,4.707763E+02,1.539030E+03,7.727107E-01,2.135279E+04,4.508365E-02,0.000000E+00,0.000000E+00,5.546139E-01,1.019875E+04,4.508365E-02,0.000000E+00,0.000000E+00,6.419331E-01,1.335258E+04,4.508365E-02,0.000000E+00,0.000000E+00
06:00:00,4.508365E-02,0.000000E+00,1.609757E-01,2.163996E+03,3.497215E+03,4.508365E-02,0.000000E+00,4.508365E-02,3.342433E+02,1.074270E+03,4.508365E-02,0.000000E+00,4.558317E-02,3.929122E+02,1.278597E+03,4.508365E-02,0.000000E+00,5.660134E-02,5.106358E+02,1.669973E+03,7.727160E-01,2.135293E+04,4.508365E-02,0.000000E+00,0.000000E+00,5.546168E-01,1.019880E+04,4.508365E-02,0.000000E+00,0.000000E+00,6.419419E-01,1.335276E+04,4.508365E-02,0.000000E+00,0.000000E+00
06:10:00,4.508365E-02,0.000000E+00,2.278107E-01,3.086228E+03,4.973597E+03,4.508365E-02,0.000000E+00,8.395650E-02,6.312005E+02,2.030526E+03,4.508365E-02,0.000000E+00,1.140100E-01,9.946253E+02,3.240730E+03,4.508365E-02,0.000000E+00,1.234995E-01,1.127051E+03,3.690861E+03,7.490705E-01,2.069952E+04,4.508365E-02,0.000000E+00,0.000000E+00,5.383641E-01,9.899930E+03,4.508365E-02,0.000000E+00,0.000000E+00,6.238298E-01,1.297602E+04,4.508365E-02,0.000000E+00,0.000000E+00
06:20:00,4.508365E-02,0.000000E+00,2.509554E-01,3.425961E+03,5.505758E+03,4.508365E-02,0.000000E+00,9.501050E-02,7.242196E+02,2.331944E+03,4.508365E-02,0.000000E+00,1.258117E-01,1.110710E+03,3.623601E+03,4.508365E-02,0.000000E+00,1.357224E-01,1.252758E+03,4.108154E+03,7.254102E-01,2.004570E+04,4.508365E-02,0.000000E+00,0.000000E+00,5.221003E-01,9.600857E+03,4.508365E-02,0.000000E+00,0.000000E+00,6.057003E-01,1.259891E+04,4.508365E-02,0.000000E+00,0.000000E+00
06:30:00,4.508365E-02,0.000000E+00,3.202224E-01,4.404983E+03,7.059692E+03,4.508365E-02,0.000000E+00,1.579032E-01,1.220096E+03,3.932452E+03,4.508365E-02,0.000000E+00,1.889889E-01,1.688179E+03,5.514743E+03,4.508365E-02,0.000000E+00,1.992153E-01,1.859602E+03,6.106672E+03,7.017386E-01,1.939157E+04,4.508365E-02,0.000000E+00,0.000000E+00,5.058297E-01,9.301658E+03,4.508365E-02,0.000000E+00,0.000000E+00,5.875571E-01,1.222152E+04,4.508365E-02,0.000000E+00,0.000000E+00
06:40:00,4.508365E-02,0.000000E+00,3.820641E-01,5.295543E+03,8.463964E+03,4.508365E-02,0.000000E+00,2.104568E-01,1.648129E+03,5.317377E+03,4.508365E-02,0.000000E+00,2.423783E-01,2.190379E+03,7.164787E+03,4.508365E-02,0.000000E+00,2.530490E-01,2.388523E+03,7.854677E+03,6.780538E-01,1.873708E+04,4.508365E-02,0.000000E+00,0.000000E+00,4.895491E-01,9.002276E+03,4.508365E-02,0.000000E+00,0.000000E+00,5.693970E-01,1.184378E+04,4.508365E-02,0.000000E+00,0.000000E+00
06:50:00,4.508365E-02,0.000000E+00,4.459394E-01,6.227405E+03,9.926743E+03,4.508365E-02,0.000000E+00,2.648068E-01,2.101384E+03,6.786761E+03,4.508365E-02,0.000000E+00,2.978028E-01,2.722324E+03,8.916842E+03,4.508365E-02,0.000000E+00,3.089927E-01,2.948813E+03,9.711124E+03,6.543628E-01,1.808241E+04,4.508365E-02,0.000000E+00,0.000000E+00,4.732629E-01,8.702790E+03,4.508365E-02,0.000000E+00,0.000000E+00,5.512279E-01,1.146586E+04,4.508365E-02,0.000000E+00,0.000000E+00
07:00:00,4.508365E-02,0.000000E+00,5.118422E-01,7.201121E+03,1.144855E+04,4.508365E-02,0.000000E+00,3.203840E-01,2.575847E+03,8.328027E+03,4.508365E-02,0.000000E+00,3.547646E-01,3.280048E+03,1.075842E+04,4.508365E-02,0.000000E+00,3.665828E-01,3.536661E+03,1.166401E+04,6.306682E-01,1.742764E+04,4.508365E-02,0.000000E+00,0.000000E+00,4.569733E-01,8.403242E+03,4.508365E-02,0.000000E+00,0.000000E+00,5.330537E-01,1.108782E+04,4.508365E-02,0.000000E+00,0.000000E+00
07:10:00,4.508365E-02,0.000000E+00,5.182858E-01,7.423105E+03,1.172740E+04,4.508365E-02,0.000000E+00,3.118446E-01,2.586210E+03,8.384357E+03,4.508365E-02,0.000000E+00,3.515711E-01,3.339607E+03,1.099139E+04,4.508365E-02,0.000000E+00,3.654174E-01,3.618012E+03,1.197553E+04,6.306213E-01,1.742635E+04,4.508365E-02,0.000000E+00,0.000000E+00,4.569368E-01,8.402570E+03,4.508365E-02,0.000000E+00,0.000000E+00,5.329964E-01,1.108663E+04,4.508365E-02,0.000000E+00,0.000000E+00
07:20:00,4.508365E-02,0.000000E+00,5.723009E-01,8.341748E+03,1.309839E+04,4.508365E-02,0.000000E+00,3.685968E-01,3.150271E+03,1.024261E+04,4.508365E-02,0.000000E+00,4.087989E-01,3.986806E+03,1.316811E+04,4.508365E-02,0.000000E+00,4.227445E-01,4.292730E+03,1.426187E+04,6.305863E-01,1.742538E+04,4.508365E-02,0.000000E+00,0.000000E+00,4.569093E-01,8.402066E+03,4.508365E-02,0.000000E+00,0.000000E+00,5.329531E-01,1.108573E+04,4.508365E-02,0.000000E+00,0.000000E+00
07:30:00,4.508365E-02,0.000000E+00,5.838275E-01,8.657695E+03,1.351397E+04,4.508365E-02,0.000000E+00,3.768956E-01,3.316700E+03,1.081668E+04,4.508365E-02,0.000000E+00,4.181426E-01,4.183885E+03,1.386974E+04,4.508365E-02,0.000000E+00,4.323215E-01,4.499526E+03,1.500625E+04,6.305601E-01,1.742465E+04,4.508365E-02,0.000000E+00,0.000000E+00,4.568870E-01,8.401655E+03,4.508365E-02,0.000000E+00,0.000000E+00,5.329203E-01,1.108505E+04,4.508365E-02,0.000000E+00,0.000000E+00
07:40:00,4.508365E-02,0.000000E+00,6.059633E-01,9.139497E+03,1.418387E+04,4.508365E-02,0.000000E+00,3.983345E-01,3.606298E+03,1.179879E+04,4.508365E-02,0.000000E+00,4.402119E-01,4.516253E+03,1.502809E+04,4.508365E-02,0.000000E+00,4.545376E-01,4.845923E+03,1.622508E+04,6.305448E-01,1.742423E+04,4.508365E-02,0.000000E+00,0.000000E+00,4.568732E-01,8.401401E+03,4.508365E-02,0.000000E+00,0.000000E+00,5.329019E-01,1.108467E+04,4.508365E-02,0.000000E+00,0.000000E+00
07:50:00,4.508365E-02,0.000000E+00,6.286120E-01,9.640383E+03,1.487742E+04,4.508365E-02,0.000000E+00,4.198868E-01,3.907817E+03,1.282793E+04,4.508365E-02,0.000000E+00,4.623485E-01,4.860514E+03,1.623634E+04,4.508365E-02,0.000000E+00,4.768150E-01,5.204248E+03,1.749498E+04,6.305339E-01,1.742393E+04,4.508365E-02,0.000000E+00,0.000000E+00,4.568638E-01,8.401228E+03,4.508365E-02,0.000000E+00,0.000000E+00,5.328903E-01,1.108442E+04,4.508365E-02,0.000000E+00,0.000000E+00
08:00:00,4.508365E-02,0.000000E+00,6.525042E-01,1.017213E+04,1.561250E+04,4.508365E-02,0.000000E+00,4.427517E-01,4.232805E+03,1.394288E+04,4.508365E-02,0.000000E+00,4.857308E-01,5.229404E+03,1.753799E+04,4.508365E-02,0.000000E+00,5.003256E-01,5.587635E+03,1.886108E+04,6.305250E-01,1.742368E+04,4.508365E-02,0.000000E+00,0.000000E+00,4.568567E-01,8.401098E+03,4.508365E-02,0.000000E+00,0.000000E+00,5.328820E-01,1.108425E+04,4.508365E-02,0.000000E+00,0.000000E+00
08:10:00,4.508365E-02,0.000000E+00,6.770165E-01,1.074600E+04,1.639571E+04,4.508365E-02,0.000000E+00,4.663256E-01,4.590242E+03,1.518096E+04,4.508365E-02,0.000000E+00,5.097590E-01,5.632458E+03,1.897564E+04,4.508365E-02,0.000000E+00,5.244686E-01,6.005795E+03,2.036782E+04,6.305178E-01,1.742348E+04,4.508365E-02,0.000000E+00,0.000000E+00,4.568511E-01,8.400995E+03,4.508365E-02,0.000000E+00,0.000000E+00,5.328759E-01,1.108412E+04,4.508365E-02,0.000000E+00,0.000000E+00
08:20:00,4.508365E-02,0.000000E+00,7.018884E-01,1.133955E+04,1.720197E+04,4.508365E-02,0.000000E+00,4.903581E-01,4.965675E+03,1.649078E+04,4.508365E-02,0.000000E+00,5.341899E-01,6.053686E+03,2.048968E+04,4.508365E-02,0.000000E+00,5.490016E-01,6.442206E+03,2.195266E+04,6.305123E-01,1.742333E+04,4.508365E-02,0.000000E+00,0.000000E+00,4.568467E-01,8.400914E+03,4.508365E-02,0.000000E+00,0.000000E+00,5.328718E-01,1.108404E+04,4.508365E-02,0.000000E+00,0.000000E+00
08:30:00,4.508365E-02,0.000000E+00,7.269893E-01,1.195097E+04,1.802837E+04,4.508365E-02,0.000000E+00,5.147147E-01,5.358094E+03,1.787019E+04,4.508365E-02,0.000000E+00,5.588969E-01,6.491958E+03,2.207759E+04,4.508365E-02,0.000000E+00,5.737993E-01,6.895694E+03,2.361291E+04,6.305082E-01,1.742322E+04,4.508365E-02,0.000000E+00,0.000000E+00,4.568433E-01,8.400851E+03,4.508365E-02,0.000000E+00,0.000000E+00,5.328694E-01,1.108399E+04,4.508365E-02,0.000000E+00,0.000000E+00
08:40:00,4.508365E-02,0.000000E+00,7.522049E-01,1.257851E+04,1.887224E+04,4.508365E-02,0.000000E+00,5.392763E-01,5.766500E+03,1.931700E+04,4.508365E-02,0.000000E+00,5.837658E-01,6.946150E+03,2.373681E+04,4.508365E-02,0.000000E+00,5.987486E-01,7.365092E+03,2.534588E+04,6.305053E-01,1.742314E+04,4.508365E-02,0.000000E+00,0.000000E+00,4.568407E-01,8.400803E+03,4.508365E-02,0.000000E+00,0.000000E+00,5.328684E-01,1.108397E+04,4.508365E-02,0.000000E+00,0.000000E+00
08:50:00,4.508365E-02,0.000000E+00,7.774313E-01,1.322052E+04,1.973103E+04,4.508365E-02,0.000000E+00,5.639338E-01,6.189871E+03,2.082895E+04,4.508365E-02,0.000000E+00,6.086933E-01,7.415144E+03,2.546476E+04,4.508365E-02,0.000000E+00,6.237474E-01,7.849244E+03,2.714886E+04,6.305034E-01,1.742309E+04,4.508365E-02,0.000000E+00,0.000000E+00,4.568387E-01,8.400766E+03,4.508365E-02,0.000000E+00,0.000000E+00,5.328685E-01,1.108397E+04,4.508365E-02,0.000000E+00,0.000000E+00
09:00:00,4.508365E-02,0.000000E+00,8.017140E-01,1.386051E+04,2.058025E+04,4.508365E-02,0.000000E+00,5.878126E-01,6.618441E+03,2.237416E+04,4.508365E-02,0.000000E+00,6.327872E-01,7.887864E+03,2.722442E+04,4.508365E-02,0.000000E+00,6.478975E-01,8.336635E+03,2.898307E+04,6.305022E-01,1.742305E+04,4.508365E-02,0.000000E+00,0.000000E+00,4.568372E-01,8.400739E+03,4.508365E-02,0.000000E+00,0.000000E+00,5.328694E-01,1.108399E+04,4.508365E-02,0.000000E+00,0.000000E+00
09:10:00,4.508365E-02,0.000000E+00,8.252111E-01,1.447584E+04,2.139795E+04,4.508365E-02,0.000000E+00,6.110246E-01,7.034623E+03,2.388162E+04,4.508365E-02,0.000000E+00,6.561733E-01,8.345647E+03,2.893608E+04,4.508365E-02,0.000000E+00,6.713288E-01,8.808241E+03,3.076568E+04,6.305015E-01,1.742303E+04,4.508365E-02,0.000000E+00,0.000000E+00,4.568361E-01,8.400719E+03,4.508365E-02,0.000000E+00,0.000000E+00,5.328711E-01,1.108402E+04,4.508365E-02,0.000000E+00,0.000000E+00
09:20:00,4.508365E-02,0.000000E+00,8.479106E-01,1.508889E+04,2.220699E+04,4.508365E-02,0.000000E+00,6.335402E-01,7.454376E+03,2.541557E+04,4.508365E-02,0.000000E+00,6.788290E-01,8.805807E+03,3.067304E+04,4.508365E-02,0.000000E+00,6.940130E-01,9.281728E+03,3.206707E+04,6.305014E-01,1.742303E+04,4.508365E-02,0.000000E+00,0.000000E+00,4.568354E-01,8.400705E+03,4.508365E-02,0.000000E+00,0.000000E+00,5.328733E-01,1.108407E+04,4.508365E-02,0.000000E+00,0.000000E+00
09:30:00,4.508365E-02,0.000000E+00,8.696939E-01,1.569690E+04,2.300359E+04,4.508365E-02,0.000000E+00,6.552355E-01,7.875679E+03,2.696961E+04,4.508365E-02,0.000000E+00,7.006335E-01,9.266191E+03,3.242825E+04,4.508365E-02,0.000000E+00,7.158270E-01,9.754854E+03,3.326446E+04,6.305018E-01,1.742304E+04,4.508365E-02,0.000000E+00,0.000000E+00,4.568349E-01,8.400697E+03,4.508365E-02,0.000000E+00,0.000000E+00,5.328760E-01,1.108413E+04,4.508365E-02,0.000000E+00,0.000000E+00
09:40:00,4.508365E-02,0.000000E+00,8.904419E-01,1.629701E+04,2.378386E+04,4.508365E-02,0.000000E+00,6.759882E-01,8.296408E+03,2.853684E+04,4.508365E-02,0.000000E+00,7.214674E-01,9.724542E+03,3.419415E+04,4.508365E-02,0.000000E+00,7.366514E-01,1.022530E+04,3.442714E+04,6.305025E-01,1.742306E+04,4.508365E-02,0.000000E+00,0.000000E+00,4.568347E-01,8.400693E+03,4.508365E-02,0.000000E+00,0.000000E+00,5.328792E-01,1.108419E+04,4.508365E-02,0.000000E+00,0.000000E+00
09:50:00,4.508365E-02,0.000000E+00,9.100317E-01,1.688614E+04,2.454369E+04,4.508365E-02,0.000000E+00,6.956745E-01,8.714297E+03,3.010972E+04,4.508365E-02,0.000000E+00,7.412039E-01,1.017838E+04,3.563623E+04,4.508365E-02,0.000000E+00,7.563635E-01,1.069057E+04,3.554856E+04,6.305035E-01,1.742309E+04,4.508365E-02,0.000000E+00,0.000000E+00,4.568347E-01,8.400694E+03,4.508365E-02,0.000000E+00,0.000000E+00,5.328827E-01,1.108427E+04,4.508365E-02,0.000000E+00,0.000000E+00
10:00:00,4.508365E-02,0.000000E+00,9.283455E-01,1.746120E+04,2.527896E+04,4.508365E-02,0.000000E+00,7.141698E-01,9.126941E+03,3.168012E+04,4.508365E-02,0.000000E+00,7.597159E-01,1.062510E+04,3.672756E+04,4.508365E-02,0.000000E+00,7.748410E-01,1.114808E+04,3.662207E+04,6.305048E-01,1.742312E+04,4.508365E-02,0.000000E+00,0.000000E+00,4.568349E-01,8.400697E+03,4.508365E-02,0.000000E+00,0.000000E+00,5.328865E-01,1.108434E+04,4.508365E-02,0.000000E+00,0.000000E+00
10:10:00,4.508365E-02,0.000000E+00,9.452703E-01,1.799088E+04,2.595666E+04,4.508365E-02,0.000000E+00,7.313573E-01,9.510111E+03,3.314541E+04,4.508365E-02,0.000000E+00,7.768878E-01,1.103896E+04,3.773935E+04,4.508365E-02,0.000000E+00,7.919691E-01,1.157158E+04,3.761657E+04,6.305063E-01,1.742317E+04,4.508365E-02,0.000000E+00,0.000000E+00,4.568352E-01,8.400703E+03,4.508365E-02,0.000000E+00,0.000000E+00,5.328905E-01,1.108443E+04,4.508365E-02,0.000000E+00,0.000000E+00
10:20:00,4.508365E-02,0.000000E+00,9.607057E-01,1.849945E+04,2.660088E+04,4.508365E-02,0.000000E+00,7.471348E-01,9.882318E+03,3.458544E+04,4.508365E-02,0.000000E+00,7.926178E-01,1.143968E+04,3.868878E+04,4.508365E-02,0.000000E+00,8.076536E-01,1.198132E+04,3.855015E+04,6.305080E-01,1.742321E+04,4.508365E-02,0.000000E+00,0.000000E+00,4.568357E-01,8.400712E+03,4.508365E-02,0.000000E+00,0.000000E+00,5.328948E-01,1.108452E+04,4.508365E-02,0.000000E+00,0.000000E+00
10:30:00,4.508365E-02,0.000000E+00,9.745727E-01,1.898437E+04,2.720839E+04,4.508365E-02,0.000000E+00,7.614160E-01,1.024145E+04,3.577336E+04,4.508365E-02,0.000000E+00,8.068232E-01,1.182510E+04,3.957080E+04,4.508365E-02,0.000000E+00,8.218150E-01,1.237514E+04,3.941802E+04,6.305098E-01,1.742326E+04,4.508365E-02,0.000000E+00,0.000000E+00,4.568363E-01,8.400722E+03,4.508365E-02,0.000000E+00,0.000000E+00,5.328993E-01,1.108461E+04,4.508365E-02,0.000000E+00,0.000000E+00
10:40:00,4.508365E-02,0.000000E+00,9.868199E-01,1.944358E+04,2.777668E+04,4.508365E-02,0.000000E+00,7.741382E-01,1.058566E+04,3.655197E+04,4.508365E-02,0.000000E+00,8.194479E-01,1.219334E+04,4.038155E+04,4.508365E-02,0.000000E+00,8.343981E-01,1.275118E+04,4.021643E+04,6.305118E-01,1.742332E+04,4.508365E-02,0.000000E+00,0.000000E+00,4.568369E-01,8.400734E+03,4.508365E-02,0.000000E+00,0.000000E+00,5.329039E-01,1.108471E+04,4.508365E-02,0.000000E+00,0.000000E+00
10:50:00,4.508365E-02,0.000000E+00,9.971798E-01,1.987065E+04,2.829703E+04,4.508365E-02,0.000000E+00,7.850391E-01,1.091024E+04,3.725009E+04,4.508365E-02,0.000000E+00,8.302325E-01,1.253944E+04,4.110711E+04,4.508365E-02,0.000000E+00,8.451393E-01,1.310428E+04,4.093151E+04,6.305140E-01,1.742338E+04,4.508365E-02,0.000000E+00,0.000000E+00,4.568377E-01,8.400748E+03,4.508365E-02,0.000000E+00,0.000000E+00,5.329086E-01,1.108480E+04,4.508365E-02,0.000000E+00,0.000000E+00
11:00:00,4.508365E-02,0.000000E+00,1.005722E+00,2.026573E+04,2.877014E+04,4.508365E-02,0.000000E+00,7.941798E-01,1.121483E+04,3.786939E+04,4.508365E-02,0.000000E+00,8.392463E-01,1.286322E+04,4.174961E+04,4.508365E-02,0.000000E+00,8.541042E-01,1.343425E+04,4.156515E+04,6.305162E-01,1.742344E+04,4.508365E-02,0.000000E+00,0.000000E+00,4.568385E-01,8.400763E+03,4.508365E-02,0.000000E+00,0.000000E+00,5.329134E-01,1.108490E+04,4.508365E-02,0.000000E+00,0.000000E+00
11:10:00,4.508365E-02,0.000000E+00,1.012481E+00,2.055284E+04,2.911830E+04,4.508365E-02,0.000000E+00,8.015872E-01,1.143891E+04,3.834746E+04,4.508365E-02,0.000000E+00,8.465181E-01,1.310085E+04,4.224330E+04,4.508365E-02,0.000000E+00,8.613220E-01,1.367616E+04,4.205051E+04,6.305185E-01,1.742350E+04,4.508365E-02,0.000000E+00,0.000000E+00,4.568394E-01,8.400779E+03,4.508365E-02,0.000000E+00,0.000000E+00,5.329184E-01,1.108501E+04,4.508365E-02,0.000000E+00,0.000000E+00
11:20:00,4.508365E-02,0.000000E+00,1.017567E+00,2.080776E+04,2.942021E+04,4.508365E-02,0.000000E+00,8.073607E-01,1.164165E+04,3.874942E+04,4.508365E-02,0.000000E+00,8.521503E-01,1.331503E+04,4.265718E+04,4.508365E-02,0.000000E+00,8.668960E-01,1.389388E+04,4.245762E+04,6.305209E-01,1.742357E+04,4.508365E-02,0.000000E+00,0.000000E+00,4.568403E-01,8.400797E+03,4.508365E-02,0.000000E+00,0.000000E+00,5.329234E-01,1.108511E+04,4.508365E-02,0.000000E+00,0.000000E+00
11:30:00,4.508365E-02,0.000000E+00,1.021148E+00,2.103319E+04,2.967988E+04,4.508365E-02,0.000000E+00,8.116590E-01,1.182460E+04,3.908214E+04,4.508365E-02,0.000000E+00,8.563018E-01,1.350754E+04,4.299845E+04,4.508365E-02,0.000000E+00,8.709860E-01,1.408926E+04,4.279354E+04,6.305233E-01,1.742364E+04,4.508365E-02,0.000000E+00,0.000000E+00,4.568413E-01,8.400815E+03,4.508365E-02,0.000000E+00,0.000000E+00,5.329285E-01,1.108522E+04,4.508365E-02,0.000000E+00,0.000000E+00
11:40:00,4.508365E-02,0.000000E+00,1.023441E+00,2.123297E+04,2.990306E+04,4.508365E-02,0.000000E+00,8.146939E-01,1.199025E+04,3.935518E+04,4.508365E-02,0.000000E+00,8.591827E-01,1.368104E+04,4.327704E+04,4.508365E-02,0.000000E+00,8.738032E-01,1.426507E+04,4.306800E+04,6.305258E-01,1.742371E+04,4.508365E-02,0.000000E+00,0.000000E+00,4.568423E-01,8.400833E+03,4.508365E-02,0.000000E+00,0.000000E+00,5.329336E-01,1.108532E+04,4.508365E-02,0.000000E+00,0.000000E+00
11:50:00,4.508365E-02,0.000000E+00,1.024964E+00,2.141735E+04,3.010432E+04,4.508365E-02,0.000000E+00,8.169557E-01,1.214531E+04,3.959171E+04,4.508365E-02,0.000000E+00,8.612896E-01,1.384297E+04,4.351741E+04,4.508365E-02,0.000000E+00,8.758464E-01,1.442898E+04,4.330506E+04,6.305284E-01,1.742378E+04,4.508365E-02,0.000000E+00,0.000000E+00,4.568434E-01,8.400853E+03,4.508365E-02,0.000000E+00,0.000000E+00,5.329388E-01,1.108543E+04,4.508365E-02,0.000000E+00,0.000000E+00
12:00:00,4.508365E-02,0.000000E+00,1.025974E+00,2.159137E+04,3.029086E+04,4.508365E-02,0.000000E+00,8.186908E-01,1.229314E+04,3.980333E+04,4.508365E-02,0.000000E+00,8.628714E-01,1.399701E+04,4.373182E+04,4.508365E-02,0.000000E+00,8.773655E-01,1.458478E+04,4.351677E+04,6.305310E-01,1.742385E+04,4.508365E-02,0.000000E+00,0.000000E+00,4.568444E-01,8.400872E+03,4.508365E-02,0.000000E+00,0.000000E+00,5.329440E-01,1.108554E+04,4.508365E-02,0.000000E+00,0.000000E+00
12:10:00,4.508365E-02,0.000000E+00,1.026821E+00,2.173163E+04,3.044150E+04,4.508365E-02,0.000000E+00,8.202355E-01,1.241414E+04,3.998064E+04,4.508365E-02,0.000000E+00,8.642680E-01,1.412272E+04,4.391037E+04,4.508365E-02,0.000000E+00,8.787013E-01,1.471176E+04,4.369247E+04,6.305336E-01,1.742392E+04,4.508365E-02,0.000000E+00,0.000000E+00,4.568456E-01,8.400893E+03,4.508365E-02,0.000000E+00,0.000000E+00,5.329493E-01,1.108565E+04,4.508365E-02,0.000000E+00,0.000000E+00
12:20:00,4.508365E-02,0.000000E+00,1.027850E+00,2.187599E+04,3.059777E+04,4.508365E-02,0.000000E+00,8.219187E-01,1.253762E+04,4.016511E+04,4.508365E-02,0.000000E+00,8.658124E-01,1.425120E+04,4.409679E+04,4.508365E-02,0.000000E+00,8.801882E-01,1.484161E+04,4.387604E+04,6.305363E-01,1.742400E+04,4.508365E-02,0.000000E+00,0.000000E+00,4.568467E-01,8.400914E+03,4.508365E-02,0.000000E+00,0.000000E+00,5.329545E-01,1.108576E+04,4.508365E-02,0.000000E+00,0.000000E+00
12:30:00,4.508365E-02,0.000000E+00,1.029941E+00,2.204329E+04,3.078601E+04,4.508365E-02,0.000000E+00,8.245724E-01,1.267643E+04,4.039755E+04,4.508365E-02,0.000000E+00,8.683474E-01,1.439647E+04,4.433418E+04,4.508365E-02,0.000000E+00,8.826725E-01,1.498875E+04,4.410982E+04,6.305390E-01,1.742407E+04,4.508365E-02,0.000000E+00,0.000000E+00,4.568478E-01,8.400935E+03,4.508365E-02,0.000000E+00,0.000000E+00,5.329598E-01,1.108587E+04,4.508365E-02,0.000000E+00,0.000000E+00
12:40:00,4.508365E-02,0.000000E+00,1.033702E+00,2.224705E+04,3.102489E+04,4.508365E-02,0.000000E+00,8.287815E-01,1.283996E+04,4.070704E+04,4.508365E-02,0.000000E+00,8.724640E-01,1.456876E+04,4.465314E+04,4.508365E-02,0.000000E+00,8.867472E-01,1.516369E+04,4.442390E+04,6.305417E-01,1.742415E+04,4.508365E-02,0.000000E+00,0.000000E+00,4.568490E-01,8.400956E+03,4.508365E-02,0.000000E+00,0.000000E+00,5.329652E-01,1.108598E+04,4.508365E-02,0.000000E+00,0.000000E+00
12:50:00,4.508365E-02,0.000000E+00,1.039526E+00,2.249636E+04,3.132687E+04,4.508365E-02,0.000000E+00,8.349234E-01,1.303467E+04,4.111274E+04,4.508365E-02,0.000000E+00,8.785427E-01,1.477502E+04,4.507380E+04,4.508365E-02,0.000000E+00,8.927936E-01,1.537354E+04,4.483802E+04,6.305445E-01,1.742422E+04,4.508365E-02,0.000000E+00,0.000000E+00,4.568502E-01,8.400978E+03,4.508365E-02,0.000000E+00,0.000000E+00,5.329705E-01,1.108609E+04,4.508365E-02,0.000000E+00,0.000000E+00
13:00:00,4.508365E-02,0.000000E+00,1.047683E+00,2.279780E+04,3.170086E+04,4.508365E-02,0.000000E+00,8.432599E-01,1.326537E+04,4.162833E+04,4.508365E-02,0.000000E+00,8.868464E-01,1.502042E+04,4.561040E+04,4.508365E-02,0.000000E+00,9.010751E-01,1.562359E+04,4.536616E+04,6.305472E-01,1.742430E+04,4.508365E-02,0.000000E+00,0.000000E+00,4.568514E-01,8.401000E+03,4.508365E-02,0.000000E+00,0.000000E+00,5.329758E-01,1.108620E+04,4.508365E-02,0.000000E+00,0.000000E+00
13:10:00,4.508365E-02,0.000000E+00,1.058307E+00,2.310785E+04,3.210323E+04,4.508365E-02,0.000000E+00,8.539308E-01,1.349688E+04,4.222162E+04,4.508365E-02,0.000000E+00,8.975142E-01,1.526799E+04,4.622899E+04,4.508365E-02,0.000000E+00,9.117307E-01,1.587630E+04,4.597362E+04,6.305500E-01,1.742437E+04,4.508365E-02,0.000000E+00,0.000000E+00,4.568526E-01,8.401022E+03,4.508365E-02,0.000000E+00,0.000000E+00,5.329812E-01,1.108631E+04,4.508365E-02,0.000000E+00,0.000000E+00
13:20:00,4.508365E-02,0.000000E+00,1.071451E+00,2.347471E+04,3.258392E+04,4.508365E-02,0.000000E+00,8.669987E-01,1.376804E+04,4.293528E+04,4.508365E-02,0.000000E+00,9.106071E-01,1.555858E+04,4.697435E+04,4.508365E-02,0.000000E+00,9.248204E-01,1.617316E+04,4.670565E+04,6.305528E-01,1.742445E+04,4.508365E-02,0.000000E+00,0.000000E+00,4.568538E-01,8.401044E+03,4.508365E-02,0.000000E+00,0.000000E+00,5.329865E-01,1.108643E+04,4.508365E-02,0.000000E+00,0.000000E+00
13:30:00,4.508365E-02,0.000000E+00,1.086541E+00,2.388629E+04,3.312588E+04,4.508365E-02,0.000000E+00,8.819299E-01,1.407088E+04,4.374338E+04,4.508365E-02,0.000000E+00,9.255812E-01,1.588341E+04,4.781892E+04,4.508365E-02,0.000000E+00,9.397976E-01,1.650512E+04,4.753520E+04,6.305556E-01,1.742453E+04,4.508365E-02,0.000000E+00,0.000000E+00,4.568550E-01,8.401067E+03,4.508365E-02,0.000000E+00,0.000000E+00,5.329919E-01,1.108654E+04,4.508365E-02,0.000000E+00,0.000000E+00
13:40:00,4.508365E-02,0.000000E+00,1.103161E+00,2.433389E+04,3.371695E+04,4.508365E-02,0.000000E+00,8.983421E-01,1.439968E+04,4.462740E+04,4.508365E-02,0.000000E+00,9.420477E-01,1.623619E+04,4.874306E+04,4.508365E-02,0.000000E+00,9.562711E-01,1.686570E+04,4.844287E+04,6.305584E-01,1.742461E+04,4.508365E-02,0.000000E+00,0.000000E+00,4.568562E-01,8.401089E+03,4.508365E-02,0.000000E+00,0.000000E+00,5.329972E-01,1.108665E+04,4.508365E-02,0.000000E+00,0.000000E+00
13:50:00,4.508365E-02,0.000000E+00,1.121005E+00,2.481104E+04,3.434803E+04,4.508365E-02,0.000000E+00,9.159453E-01,1.475011E+04,4.557321E+04,4.508365E-02,0.000000E+00,9.597118E-01,1.661216E+04,4.973183E+04,4.508365E-02,0.000000E+00,9.739447E-01,1.724999E+04,4.941401E+04,6.305612E-01,1.742468E+04,4.508365E-02,0.000000E+00,0.000000E+00,4.568575E-01,8.401112E+03,4.508365E-02,0.000000E+00,0.000000E+00,5.330026E-01,1.108676E+04,4.508365E-02,0.000000E+00,0.000000E+00
14:00:00,4.508365E-02,0.000000E+00,1.139766E+00,2.531121E+04,3.501006E+04,4.508365E-02,0.000000E+00,9.344520E-01,1.511777E+04,4.656680E+04,4.508365E-02,0.000000E+00,9.782822E-01,1.700651E+04,5.077037E+04,4.508365E-02,0.000000E+00,9.925258E-01,1.765306E+04,5.043401E+04,6.305641E-01,1.742476E+04,4.508365E-02,0.000000E+00,0.000000E+00,4.568587E-01,8.401135E+03,4.508365E-02,0.000000E+00,0.000000E+00,5.330079E-01,1.108687E+04,4.508365E-02,0.000000E+00,0.000000E+00
14:10:00,4.508365E-02,0.000000E+00,1.159241E+00,2.574369E+04,3.560826E+04,4.508365E-02,0.000000E+00,9.536677E-01,1.542865E+04,4.752438E+04,4.508365E-02,0.000000E+00,9.975623E-01,1.734168E+04,5.177095E+04,4.508365E-02,0.000000E+00,1.011817E+00,1.799618E+04,5.141428E+04,6.305669E-01,1.742484E+04,4.508365E-02,0.000000E+00,0.000000E+00,4.568600E-01,8.401158E+03,4.508365E-02,0.000000E+00,0.000000E+00,5.330133E-01,1.108698E+04,4.508365E-02,0.000000E+00,0.000000E+00
14:20:00,4.508365E-02,0.000000E+00,1.178991E+00,2.618230E+04,3.621493E+04,4.508365E-02,0.000000E+00,9.731750E-01,1.574424E+04,4.849650E+04,4.508365E-02,0.000000E+00,1.017130E+00,1.768184E+04,5.278647E+04,4.508365E-02,0.000000E+00,1.031395E+00,1.834439E+04,5.240911E+04,6.305698E-01,1.742492E+04,4.508365E-02,0.000000E+00,0.000000E+00,4.568612E-01,8.401181E+03,4.508365E-02,0.000000E+00,0.000000E+00,5.330186E-01,1.108709E+04,4.508365E-02,0.000000E+00,0.000000E+00
14:30:00,4.508365E-02,0.000000E+00,1.198630E+00,2.661842E+04,3.681816E+04,4.508365E-02,0.000000E+00,9.926033E-01,1.605856E+04,4.946468E+04,4.508365E-02,0.000000E+00,1.036611E+00,1.802051E+04,5.379750E+04,4.508365E-02,0.000000E+00,1.050885E+00,1.869103E+04,5.339946E+04,6.305726E-01,1.742500E+04,4.508365E-02,0.000000E+00,0.000000E+00,4.568625E-01,8.401204E+03,4.508365E-02,0.000000E+00,0.000000E+00,5.330240E-01,1.108720E+04,4.508365E-02,0.000000E+00,0.000000E+00
14:40:00,4.508365E-02,0.000000E+00,1.217818E+00,2.704453E+04,3.740755E+04,4.508365E-02,0.000000E+00,1.011620E+00,1.636622E+04,5.041236E+04,4.508365E-02,0.000000E+00,1.055669E+00,1.835181E+04,5.478655E+04,4.508365E-02,0.000000E+00,1.069948E+00,1.903009E+04,5.436813E+04,6.305754E-01,1.742508E+04,4.508365E-02,0.000000E+00,0.000000E+00,4.568637E-01,8.401227E+03,4.508365E-02,0.000000E+00,0.000000E+00,5.330293E-01,1.108732E+04,4.508365E-02,0.000000E+00,0.000000E+00
14:50:00,4.508365E-02,0.000000E+00,1.236240E+00,2.745364E+04,3.797343E+04,4.508365E-02,0.000000E+00,1.029921E+00,1.666229E+04,5.132432E+04,4.508365E-02,0.000000E+00,1.073999E+00,1.867045E+04,5.573781E+04,4.508365E-02,0.000000E+00,1.088280E+00,1.935614E+04,5.529963E+04,6.305783E-01,1.742516E+04,4.508365E-02,0.000000E+00,0.000000E+00,4.568650E-01,8.401250E+03,4.508365E-02,0.000000E+00,0.000000E+00,5.330346E-01,1.108743E+04,4.508365E-02,0.000000E+00,0.000000E+00
15:00:00,4.508365E-02,0.000000E+00,1.253608E+00,2.783933E+04,3.850691E+04,4.508365E-02,0.000000E+00,1.047222E+00,1.694219E+04,5.218649E+04,4.508365E-02,0.000000E+00,1.091317E+00,1.897151E+04,5.663659E+04,4.508365E-02,0.000000E+00,1.105596E+00,1.966413E+04,5.617955E+04,6.305812E-01,1.742523E+04,4.508365E-02,0.000000E+00,0.000000E+00,4.568662E-01,8.401273E+03,4.508365E-02,0.000000E+00,0.000000E+00,5.330400E-01,1.108754E+04,4.508365E-02,0.000000E+00,0.000000E+00
15:10:00,4.508365E-02,0.000000E+00,1.269511E+00,2.807896E+04,3.887888E+04,4.508365E-02,0.000000E+00,1.063125E+00,1.710439E+04,5.287962E+04,4.508365E-02,0.000000E+00,1.107222E+00,1.914898E+04,5.735845E+04,4.508365E-02,0.000000E+00,1.121495E+00,1.984660E+04,5.688263E+04,6.305840E-01,1.742531E+04,4.508365E-02,0.000000E+00,0.000000E+00,4.568675E-01,8.401296E+03,4.508365E-02,0.000000E+00,0.000000E+00,5.330453E-01,1.108765E+04,4.508365E-02,0.000000E+00,0.000000E+00
15:20:00,4.508365E-02,0.000000E+00,1.283839E+00,2.828106E+04,3.919990E+04,4.508365E-02,0.000000E+00,1.077516E+00,1.723956E+04,5.349471E+04,4.508365E-02,0.000000E+00,1.121600E+00,1.929733E+04,5.799840E+04,4.508365E-02,0.000000E+00,1.135862E+00,1.999927E+04,5.750522E+04,6.305869E-01,1.742539E+04,4.508365E-02,0.000000E+00,0.000000E+00,4.568688E-01,8.401320E+03,4.508365E-02,0.000000E+00,0.000000E+00,5.330506E-01,1.108776E+04,4.508365E-02,0.000000E+00,0.000000E+00
15:30:00,4.508365E-02,0.000000E+00,1.296463E+00,2.844320E+04,3.946640E+04,4.508365E-02,0.000000E+00,1.090262E+00,1.734598E+04,5.402561E+04,4.508365E-02,0.000000E+00,1.134318E+00,1.941471E+04,5.855000E+04,4.508365E-02,0.000000E+00,1.148565E+00,2.012022E+04,5.804105E+04,6.305897E-01,1.742547E+04,4.508365E-02,0.000000E+00,0.000000E+00,4.568700E-01,8.401343E+03,4.508365E-02,0.000000E+00,0.000000E+00,5.330558E-01,1.108787E+04,4.508365E-02,0.000000E+00,0.000000E+00
15:40:00,4.508365E-02,0.000000E+00,1.307236E+00,2.856264E+04,3.967437E+04,4.508365E-02,0.000000E+00,1.101216E+00,1.742179E+04,5.446552E+04,4.508365E-02,0.000000E+00,1.145234E+00,1.949912E+04,5.900632E+04,4.508365E-02,0.000000E+00,1.159461E+00,2.020740E+04,5.848338E+04,6.305926E-01,1.742555E+04,4.508365E-02,0.000000E+00,0.000000E+00,4.568713E-01,8.401366E+03,4.508365E-02,0.000000E+00,0.000000E+00,5.330611E-01,1.108798E+04,4.508365E-02,0.000000E+00,0.000000E+00
15:50:00,4.508365E-02,0.000000E+00,1.316028E+00,2.863705E+04,3.982047E+04,4.508365E-02,0.000000E+00,1.110252E+00,1.746545E+04,5.480866E+04,4.508365E-02,0.000000E+00,1.154216E+00,1.954883E+04,5.936119E+04,4.508365E-02,0.000000E+00,1.168420E+00,2.025904E+04,5.882610E+04,6.305954E-01,1.742563E+04,4.508365E-02,0.000000E+00,0.000000E+00,4.568725E-01,8.401389E+03,4.508365E-02,0.000000E+00,0.000000E+00,5.330664E-01,1.108809E+04,4.508365E-02,0.000000E+00,0.000000E+00
16:00:00,4.508365E-02,0.000000E+00,1.322733E+00,2.866467E+04,3.990201E+04,4.508365E-02,0.000000E+00,1.117262E+00,1.747579E+04,5.505027E+04,4.508365E-02,0.000000E+00,1.161157E+00,1.956255E+04,5.960959E+04,4.508365E-02,0.000000E+00,1.175334E+00,2.027380E+04,5.906437E+04,6.305983E-01,1.742571E+04,4.508365E-02,0.000000E+00,0.000000E+00,4.568738E-01,8.401412E+03,4.508365E-02,0.000000E+00,0.000000E+00,5.330716E-01,1.108820E+04,4.508365E-02,0.000000E+00,0.000000E+00
16:10:00,4.508365E-02,0.000000E+00,1.327338E+00,2.860617E+04,3.987849E+04,4.508365E-02,0.000000E+00,1.122226E+00,1.741963E+04,5.515505E+04,4.508365E-02,0.000000E+00,1.166041E+00,1.950578E+04,5.971490E+04,4.508365E-02,0.000000E+00,1.180186E+00,2.021677E+04,5.916122E+04,6.306011E-01,1.742579E+04,4.508365E-02,0.000000E+00,0.000000E+00,4.568751E-01,8.401435E+03,4.508365E-02,0.000000E+00,0.000000E+00,5.330769E-01,1.108830E+04,4.508365E-02,0.000000E+00,0.000000E+00
16:20:00,4.508365E-02,0.000000E+00,1.329779E+00,2.850021E+04,3.978916E+04,4.508365E-02,0.000000E+00,1.125082E+00,1.732980E+04,5.515519E+04,4.508365E-02,0.000000E+00,1.168803E+00,1.941261E+04,5.971060E+04,4.508365E-02,0.000000E+00,1.182913E+00,2.012243E+04,5.915056E+04,6.306040E-01,1.742587E+04,4.508365E-02,0.000000E+00,0.000000E+00,4.568763E-01,8.401458E+03,4.508365E-02,0.000000E+00,0.000000E+00,5.330821E-01,1.108841E+04,4.508365E-02,0.000000E+00,0.000000E+00
16:30:00,4.508365E-02,0.000000E+00,1.330002E+00,2.834641E+04,3.963311E+04,4.508365E-02,0.000000E+00,1.125772E+00,1.720618E+04,5.504872E+04,4.508365E-02,0.000000E+00,1.169387E+00,1.928287E+04,5.959463E+04,4.508365E-02,0.000000E+00,1.183458E+00,1.999058E+04,5.903043E+04,6.306068E-01,1.742594E+04,4.508365E-02,0.000000E+00,0.000000E+00,4.568776E-01,8.401481E+03,4.508365E-02,0.000000E+00,0.000000E+00,5.330873E-01,1.108852E+04,4.508365E-02,0.000000E+00,0.000000E+00
16:40:00,4.508365E-02,0.000000E+00,1.328065E+00,2.814676E+04,3.941293E+04,4.508365E-02,0.000000E+00,1.124347E+00,1.705033E+04,5.483893E+04,4.508365E-02,0.000000E+00,1.167845E+00,1.911820E+04,5.937045E+04,4.508365E-02,0.000000E+00,1.181875E+00,1.982291E+04,5.880426E+04,6.306097E-01,1.742602E+04,4.508365E-02,0.000000E+00,0.000000E+00,4.568788E-01,8.401504E+03,4.508365E-02,0.000000E+00,0.000000E+00,5.330925E-01,1.108863E+04,4.508365E-02,0.000000E+00,0.000000E+00
16:50:00,4.508365E-02,0.000000E+00,1.323014E+00,2.788195E+04,3.910114E+04,4.508365E-02,0.000000E+00,1.119884E+00,1.684912E+04,5.448171E+04,4.508365E-02,0.000000E+00,1.163248E+00,1.890423E+04,5.899170E+04,4.508365E-02,0.000000E+00,1.177230E+00,1.960464E+04,5.842655E+04,6.306125E-01,1.742610E+04,4.508365E-02,0.000000E+00,0.000000E+00,4.568801E-01,8.401527E+03,4.508365E-02,0.000000E+00,0.000000E+00,5.330977E-01,1.108874E+04,4.508365E-02,0.000000E+00,0.000000E+00
17:00:00,4.508365E-02,0.000000E+00,1.315288E+00,2.756228E+04,3.871189E+04,4.508365E-02,0.000000E+00,1.112806E+00,1.660993E+04,5.399867E+04,4.508365E-02,0.000000E+00,1.156021E+00,1.864894E+04,5.848105E+04,4.508365E-02,0.000000E+00,1.169952E+00,1.934393E+04,5.791961E+04,6.306153E-01,1.742618E+04,4.508365E-02,0.000000E+00,0.000000E+00,4.568813E-01,8.401550E+03,4.508365E-02,0.000000E+00,0.000000E+00,5.331028E-01,1.108884E+04,4.508365E-02,0.000000E+00,0.000000E+00
17:10:00,4.508365E-02,0.000000E+00,1.305161E+00,2.715553E+04,3.821422E+04,4.508365E-02,0.000000E+00,1.103374E+00,1.630469E+04,5.336914E+04,4.508365E-02,0.000000E+00,1.146430E+00,1.832333E+04,5.781716E+04,4.508365E-02,0.000000E+00,1.160307E+00,1.901149E+04,5.726142E+04,6.306182E-01,1.742626E+04,4.508365E-02,0.000000E+00,0.000000E+00,4.568826E-01,8.401573E+03,4.508365E-02,0.000000E+00,0.000000E+00,5.331080E-01,1.108895E+04,4.508365E-02,0.000000E+00,0.000000E+00
17:20:00,4.508365E-02,0.000000E+00,1.292685E+00,2.670326E+04,3.765126E+04,4.508365E-02,0.000000E+00,1.091640E+00,1.596858E+04,5.263153E+04,4.508365E-02,0.000000E+00,1.134525E+00,1.796395E+04,5.703993E+04,4.508365E-02,0.000000E+00,1.148344E+00,1.864432E+04,5.649226E+04,6.306210E-01,1.742634E+04,4.508365E-02,0.000000E+00,0.000000E+00,4.568838E-01,8.401596E+03,4.508365E-02,0.000000E+00,0.000000E+00,5.331131E-01,1.108906E+04,4.508365E-02,0.000000E+00,0.000000E+00
17:30:00,4.508365E-02,0.000000E+00,1.277853E+00,2.620641E+04,3.702384E+04,4.508365E-02,0.000000E+00,1.077600E+00,1.560258E+04,5.178675E+04,4.508365E-02,0.000000E+00,1.120302E+00,1.757176E+04,5.615025E+04,4.508365E-02,0.000000E+00,1.134059E+00,1.824337E+04,5.561299E+04,6.306238E-01,1.742641E+04,4.508365E-02,0.000000E+00,0.000000E+00,4.568850E-01,8.401619E+03,4.508365E-02,0.000000E+00,0.000000E+00,5.331182E-01,1.108916E+04,4.508365E-02,0.000000E+00,0.000000E+00
17:40:00,4.508365E-02,0.000000E+00,1.260540E+00,2.566347E+04,3.632944E+04,4.508365E-02,0.000000E+00,1.061136E+00,1.520603E+04,5.083024E+04,4.508365E-02,0.000000E+00,1.103642E+00,1.714595E+04,5.514323E+04,4.508365E-02,0.000000E+00,1.117334E+00,1.780776E+04,5.461883E+04,6.306266E-01,1.742649E+04,4.508365E-02,0.000000E+00,0.000000E+00,4.568863E-01,8.401642E+03,4.508365E-02,0.000000E+00,0.000000E+00,5.331233E-01,1.108927E+04,4.508365E-02,0.000000E+00,0.000000E+00
17:50:00,4.508365E-02,0.000000E+00,1.241651E+00,2.509383E+04,3.559517E+04,4.508365E-02,0.000000E+00,1.043127E+00,1.479248E+04,4.980508E+04,4.508365E-02,0.000000E+00,1.085429E+00,1.670120E+04,5.406402E+04,4.508365E-02,0.000000E+00,1.099053E+00,1.735259E+04,5.355408E+04,6.306294E-01,1.742657E+04,4.508365E-02,0.000000E+00,0.000000E+00,4.568875E-01,8.401664E+03,4.508365E-02,0.000000E+00,0.000000E+00,5.331284E-01,1.108938E+04,4.508365E-02,0.000000E+00,0.000000E+00
18:00:00,4.508365E-02,0.000000E+00,1.220707E+00,2.448859E+04,3.480805E+04,4.508365E-02,0.000000E+00,1.023118E+00,1.435623E+04,4.869035E+04,4.508365E-02,0.000000E+00,1.065203E+00,1.623121E+04,5.289054E+04,4.508365E-02,0.000000E+00,1.078754E+00,1.687130E+04,5.239703E+04,6.306322E-01,1.742665E+04,4.508365E-02,0.000000E+00,0.000000E+00,4.568887E-01,8.401687E+03,4.508365E-02,0.000000E+00,0.000000E+00,5.331335E-01,1.108948E+04,4.508365E-02,0.000000E+00,0.000000E+00
18:10:00,4.508365E-02,0.000000E+00,1.197261E+00,2.375057E+04,3.386487E+04,4.508365E-02,0.000000E+00,1.000686E+00,1.381774E+04,4.738901E+04,4.508365E-02,0.000000E+00,1.042535E+00,1.565272E+04,5.152130E+04,4.508365E-02,0.000000E+00,1.056009E+00,1.627948E+04,5.104565E+04,6.542938E-01,1.808050E+04,4.508365E-02,0.000000E+00,0.000000E+00,4.731491E-01,8.700698E+03,4.508365E-02,0.000000E+00,0.000000E+00,5.512667E-01,1.146666E+04,4.508365E-02,0.000000E+00,0.000000E+00
18:20:00,4.508365E-02,0.000000E+00,1.170187E+00,2.295185E+04,3.283064E+04,4.508365E-02,0.000000E+00,9.747595E-01,1.324180E+04,4.593346E+04,4.508365E-02,0.000000E+00,1.016341E+00,1.503221E+04,4.998921E+04,4.508365E-02,0.000000E+00,1.029728E+00,1.564410E+04,4.953479E+04,6.779605E-01,1.873450E+04,4.508365E-02,0.000000E+00,0.000000E+00,4.894135E-01,8.999783E+03,4.508365E-02,0.000000E+00,0.000000E+00,5.694060E-01,1.184397E+04,4.508365E-02,0.000000E+00,0.000000E+00
18:30:00,4.508365E-02,0.000000E+00,1.139845E+00,2.210189E+04,3.171794E+04,4.508365E-02,0.000000E+00,9.456941E-01,1.263551E+04,4.433177E+04,4.508365E-02,0.000000E+00,9.869768E-01,1.437722E+04,4.831416E+04,4.508365E-02,0.000000E+00,1.000267E+00,1.497288E+04,4.788397E+04,7.016466E-01,1.938903E+04,4.508365E-02,0.000000E+00,0.000000E+00,5.056914E-01,9.299115E+03,4.508365E-02,0.000000E+00,0.000000E+00,5.875692E-01,1.222178E+04,4.508365E-02,0.000000E+00,0.000000E+00
18:40:00,4.508365E-02,0.000000E+00,1.106565E+00,2.120917E+04,3.053802E+04,4.508365E-02,0.000000E+00,9.138053E-01,1.200514E+04,4.194503E+04,4.508365E-02,0.000000E+00,9.547661E-01,1.369455E+04,4.651417E+04,4.508365E-02,0.000000E+00,9.679507E-01,1.427272E+04,4.611089E+04,7.253438E-01,2.004387E+04,4.508365E-02,0.000000E+00,0.000000E+00,5.219793E-01,9.598631E+03,4.508365E-02,0.000000E+00,0.000000E+00,6.057483E-01,1.259991E+04,4.508365E-02,0.000000E+00,0.000000E+00
18:50:00,4.508365E-02,0.000000E+00,1.070604E+00,2.028055E+04,2.930002E+04,4.508365E-02,0.000000E+00,8.793482E-01,1.135585E+04,3.951340E+04,4.508365E-02,0.000000E+00,9.199636E-01,1.298968E+04,4.460359E+04,4.508365E-02,0.000000E+00,9.330333E-01,1.354924E+04,4.422961E+04,7.490443E-01,2.069880E+04,4.508365E-02,0.000000E+00,0.000000E+00,5.382716E-01,9.898229E+03,4.508365E-02,0.000000E+00,0.000000E+00,6.239338E-01,1.297818E+04,4.508365E-02,0.000000E+00,0.000000E+00
19:00:00,4.508365E-02,0.000000E+00,1.031694E+00,1.931281E+04,2.799848E+04,4.508365E-02,0.000000E+00,8.420819E-01,1.068632E+04,3.703269E+04,4.508365E-02,0.000000E+00,8.823201E-01,1.226089E+04,4.257221E+04,4.508365E-02,0.000000E+00,8.952634E-01,1.280059E+04,4.223008E+04,7.727467E-01,2.135378E+04,4.508365E-02,0.000000E+00,0.000000E+00,5.545661E-01,1.019787E+04,4.508365E-02,0.000000E+00,0.000000E+00,6.421224E-01,1.335651E+04,4.508365E-02,0.000000E+00,0.000000E+00
19:10:00,4.508365E-02,0.000000E+00,9.910637E-01,1.838973E+04,2.672914E+04,4.508365E-02,0.000000E+00,8.031805E-01,1.006096E+04,3.476273E+04,4.508365E-02,0.000000E+00,8.430204E-01,1.157655E+04,4.053145E+04,4.508365E-02,0.000000E+00,8.558302E-01,1.209645E+04,4.022342E+04,7.727931E-01,2.135506E+04,4.508365E-02,0.000000E+00,0.000000E+00,5.546032E-01,1.019855E+04,4.508365E-02,0.000000E+00,0.000000E+00,6.421860E-01,1.335784E+04,4.508365E-02,0.000000E+00,0.000000E+00
19:20:00,4.508365E-02,0.000000E+00,9.510950E-01,1.749215E+04,2.549119E+04,4.508365E-02,0.000000E+00,7.649205E-01,9.456284E+03,3.257798E+04,4.508365E-02,0.000000E+00,8.043679E-01,1.091388E+04,3.844102E+04,4.508365E-02,0.000000E+00,8.170454E-01,1.141430E+04,3.826063E+04,7.728374E-01,2.135629E+04,4.508365E-02,0.000000E+00,0.000000E+00,5.546381E-01,1.019919E+04,4.508365E-02,0.000000E+00,0.000000E+00,6.422468E-01,1.335910E+04,4.508365E-02,0.000000E+00,0.000000E+00
19:30:00,4.508365E-02,0.000000E+00,9.127067E-01,1.663648E+04,2.430878E+04,4.508365E-02,0.000000E+00,7.281726E-01,8.882600E+03,3.051303E+04,4.508365E-02,0.000000E+00,7.672409E-01,1.028434E+04,3.611189E+04,4.508365E-02,0.000000E+00,7.797965E-01,1.076607E+04,3.638280E+04,7.728649E-01,2.135705E+04,4.508365E-02,0.000000E+00,0.000000E+00,5.546612E-01,1.019962E+04,4.508365E-02,0.000000E+00,0.000000E+00,6.422866E-01,1.335993E+04,4.508365E-02,0.000000E+00,0.000000E+00
19:40:00,4.508365E-02,0.000000E+00,8.766794E-01,1.583605E+04,2.320176E+04,4.508365E-02,0.000000E+00,6.936838E-01,8.348153E+03,2.859497E+04,4.508365E-02,0.000000E+00,7.323893E-01,9.697091E+03,3.394566E+04,4.508365E-02,0.000000E+00,7.448372E-01,1.016129E+04,3.462415E+04,7.728835E-01,2.135756E+04,4.508365E-02,0.000000E+00,0.000000E+00,5.546756E-01,1.019988E+04,4.508365E-02,0.000000E+00,0.000000E+00,6.423129E-01,1.336048E+04,4.508365E-02,0.000000E+00,0.000000E+00
19:50:00,4.508365E-02,0.000000E+00,8.436482E-01,1.510106E+04,2.218567E+04,4.508365E-02,0.000000E+00,6.620596E-01,7.859020E+03,2.684323E+04,4.508365E-02,0.000000E+00,7.004260E-01,9.159045E+03,3.196484E+04,4.508365E-02,0.000000E+00,7.127817E-01,9.607111E+03,3.301197E+04,7.729005E-01,2.135803E+04,4.508365E-02,0.000000E+00,0.000000E+00,5.546867E-01,1.020009E+04,4.508365E-02,0.000000E+00,0.000000E+00,6.423350E-01,1.336094E+04,4.508365E-02,0.000000E+00,0.000000E+00
20:00:00,4.508365E-02,0.000000E+00,8.146048E-01,1.444763E+04,2.128488E+04,4.508365E-02,0.000000E+00,6.342371E-01,7.424762E+03,2.528886E+04,4.508365E-02,0.000000E+00,6.723033E-01,8.681071E+03,3.020551E+04,4.508365E-02,0.000000E+00,6.845873E-01,9.114853E+03,3.158892E+04,7.729170E-01,2.135849E+04,4.508365E-02,0.000000E+00,0.000000E+00,5.546966E-01,1.020027E+04,4.508365E-02,0.000000E+00,0.000000E+00,6.423555E-01,1.336136E+04,4.508365E-02,0.000000E+00,0.000000E+00
20:10:00,4.508365E-02,0.000000E+00,7.891934E-01,1.389107E+04,2.051229E+04,4.508365E-02,0.000000E+00,6.098793E-01,7.057800E+03,2.398437E+04,4.508365E-02,0.000000E+00,6.476809E-01,8.276251E+03,2.872654E+04,4.508365E-02,0.000000E+00,6.599109E-01,8.697775E+03,3.035781E+04,7.729320E-01,2.135890E+04,4.508365E-02,0.000000E+00,0.000000E+00,5.547055E-01,1.020043E+04,4.508365E-02,0.000000E+00,0.000000E+00,6.423743E-01,1.336175E+04,4.508365E-02,0.000000E+00,0.000000E+00
20:20:00,4.508365E-02,0.000000E+00,7.666982E-01,1.339227E+04,1.982208E+04,4.508365E-02,0.000000E+00,5.883073E-01,6.729238E+03,2.281636E+04,4.508365E-02,0.000000E+00,6.258695E-01,7.913579E+03,2.740105E+04,4.508365E-02,0.000000E+00,6.380597E-01,8.324177E+03,2.903492E+04,7.729450E-01,2.135926E+04,4.508365E-02,0.000000E+00,0.000000E+00,5.547133E-01,1.020057E+04,4.508365E-02,0.000000E+00,0.000000E+00,6.423911E-01,1.336210E+04,4.508365E-02,0.000000E+00,0.000000E+00
20:30:00,4.508365E-02,0.000000E+00,7.463981E-01,1.293755E+04,1.919453E+04,4.508365E-02,0.000000E+00,5.688447E-01,6.430310E+03,2.175423E+04,4.508365E-02,0.000000E+00,6.061872E-01,7.583394E+03,2.619451E+04,4.508365E-02,0.000000E+00,6.183393E-01,7.983954E+03,2.777965E+04,7.729564E-01,2.135958E+04,4.508365E-02,0.000000E+00,0.000000E+00,5.547201E-01,1.020070E+04,4.508365E-02,0.000000E+00,0.000000E+00,6.424060E-01,1.336241E+04,4.508365E-02,0.000000E+00,0.000000E+00
20:40:00,4.508365E-02,0.000000E+00,7.277437E-01,1.251658E+04,1.861463E+04,4.508365E-02,0.000000E+00,5.509734E-01,6.154377E+03,2.077480E+04,4.508365E-02,0.000000E+00,5.881079E-01,7.278328E+03,2.508065E+04,4.508365E-02,0.000000E+00,6.002199E-01,7.669479E+03,2.662022E+04,7.729666E-01,2.135986E+04,4.508365E-02,0.000000E+00,0.000000E+00,5.547261E-01,1.020081E+04,4.508365E-02,0.000000E+00,0.000000E+00,6.424195E-01,1.336269E+04,4.508365E-02,0.000000E+00,0.000000E+00
20:50:00,4.508365E-02,0.000000E+00,7.103726E-01,1.212252E+04,1.807254E+04,4.508365E-02,0.000000E+00,5.343481E-01,5.896991E+03,1.986253E+04,4.508365E-02,0.000000E+00,5.712822E-01,6.993460E+03,2.404184E+04,4.508365E-02,0.000000E+00,5.833524E-01,7.375694E+03,2.553837E+04,7.729759E-01,2.136011E+04,4.508365E-02,0.000000E+00,0.000000E+00,5.547315E-01,1.020091E+04,4.508365E-02,0.000000E+00,0.000000E+00,6.424319E-01,1.336295E+04,4.508365E-02,0.000000E+00,0.000000E+00
21:00:00,4.508365E-02,0.000000E+00,6.940762E-01,1.175131E+04,1.756242E+04,4.508365E-02,0.000000E+00,5.187715E-01,5.655497E+03,1.900800E+04,4.508365E-02,0.000000E+00,5.555092E-01,6.725851E+03,2.306746E+04,4.508365E-02,0.000000E+00,5.675347E-01,7.099567E+03,2.452306E+04,7.729844E-01,2.136035E+04,4.508365E-02,0.000000E+00,0.000000E+00,5.547363E-01,1.020100E+04,4.508365E-02,0.000000E+00,0.000000E+00,6.424434E-01,1.336319E+04,4.508365E-02,0.000000E+00,0.000000E+00
21:10:00,4.508365E-02,0.000000E+00,6.786718E-01,1.139946E+04,1.707923E+04,4.508365E-02,0.000000E+00,5.040743E-01,5.427651E+03,1.820329E+04,4.508365E-02,0.000000E+00,5.406164E-01,6.473013E+03,2.214851E+04,4.508365E-02,0.000000E+00,5.525941E-01,6.838538E+03,2.356495E+04,7.729923E-01,2.136057E+04,4.508365E-02,0.000000E+00,0.000000E+00,5.547408E-01,1.020108E+04,4.508365E-02,0.000000E+00,0.000000E+00,6.424542E-01,1.336341E+04,4.508365E-02,0.000000E+00,0.000000E+00
21:20:00,4.508365E-02,0.000000E+00,6.640455E-01,1.106470E+04,1.661977E+04,4.508365E-02,0.000000E+00,4.901478E-01,5.211945E+03,1.744300E+04,4.508365E-02,0.000000E+00,5.264931E-01,6.233280E+03,2.127889E+04,4.508365E-02,0.000000E+00,5.384195E-01,6.590894E+03,2.265772E+04,7.729996E-01,2.136077E+04,4.508365E-02,0.000000E+00,0.000000E+00,5.547450E-01,1.020116E+04,4.508365E-02,0.000000E+00,0.000000E+00,6.424643E-01,1.336362E+04,4.508365E-02,0.000000E+00,0.000000E+00
21:30:00,4.508365E-02,0.000000E+00,6.501080E-01,1.074526E+04,1.618147E+04,4.508365E-02,0.000000E+00,4.769039E-01,5.007141E+03,1.672268E+04,4.508365E-02,0.000000E+00,5.130491E-01,6.005288E+03,2.045358E+04,4.508365E-02,0.000000E+00,5.249252E-01,6.355290E+03,2.179637E+04,7.730064E-01,2.136096E+04,4.508365E-02,0.000000E+00,0.000000E+00,5.547488E-01,1.020123E+04,4.508365E-02,0.000000E+00,0.000000E+00,6.424738E-01,1.336382E+04,4.508365E-02,0.000000E+00,0.000000E+00
21:40:00,4.508365E-02,0.000000E+00,6.367852E-01,1.043963E+04,1.576222E+04,4.508365E-02,0.000000E+00,4.642734E-01,4.812248E+03,1.603874E+04,4.508365E-02,0.000000E+00,5.002133E-01,5.787941E+03,1.966853E+04,4.508365E-02,0.000000E+00,5.120401E-01,6.130600E+03,2.097671E+04,7.730128E-01,2.136114E+04,4.508365E-02,0.000000E+00,0.000000E+00,5.547523E-01,1.020129E+04,4.508365E-02,0.000000E+00,0.000000E+00,6.424829E-01,1.336401E+04,4.508365E-02,0.000000E+00,0.000000E+00
21:50:00,4.508365E-02,0.000000E+00,6.240146E-01,1.014655E+04,1.536023E+04,4.508365E-02,0.000000E+00,4.521993E-01,4.626437E+03,1.538817E+04,4.508365E-02,0.000000E+00,4.879267E-01,5.580319E+03,1.892033E+04,4.508365E-02,0.000000E+00,4.997040E-01,5.915866E+03,2.019514E+04,7.730189E-01,2.136130E+04,4.508365E-02,0.000000E+00,0.000000E+00,5.547557E-01,1.020135E+04,4.508365E-02,0.000000E+00,0.000000E+00,6.424915E-01,1.336419E+04,4.508365E-02,0.000000E+00,0.000000E+00
22:00:00,4.508365E-02,0.000000E+00,6.117436E-01,9.864959E+03,1.497398E+04,4.508365E-02,0.000000E+00,4.406339E-01,4.449000E+03,1.476840E+04,4.508365E-02,0.000000E+00,4.761389E-01,5.381632E+03,1.820601E+04,4.508365E-02,0.000000E+00,4.878656E-01,5.710268E+03,1.944860E+04,7.730247E-01,2.136146E+04,4.508365E-02,0.000000E+00,0.000000E+00,5.547588E-01,1.020141E+04,4.508365E-02,0.000000E+00,0.000000E+00,6.424998E-01,1.336436E+04,4.508365E-02,0.000000E+00,0.000000E+00
22:10:00,4.508365E-02,0.000000E+00,5.317976E-01,8.520266E+03,1.296018E+04,4.508365E-02,0.000000E+00,3.693180E-01,3.690404E+03,1.223143E+04,4.508365E-02,0.000000E+00,4.021061E-01,4.502910E+03,1.520714E+04,4.508365E-02,0.000000E+00,4.131431E-01,4.792566E+03,1.629412E+04,7.730302E-01,2.136162E+04,4.508365E-02,0.000000E+00,0.000000E+00,5.547618E-01,1.020147E+04,4.508365E-02,0.000000E+00,0.000000E+00,6.425078E-01,1.336453E+04,4.508365E-02,0.000000E+00,0.000000E+00
22:20:00,4.508365E-02,0.000000E+00,4.679486E-01,7.448475E+03,1.135405E+04,4.508365E-02,0.000000E+00,3.067254E-01,3.032945E+03,1.003710E+04,4.508365E-02,0.000000E+00,3.378321E-01,3.747901E+03,1.263578E+04,4.508365E-02,0.000000E+00,3.484165E-01,4.005368E+03,1.359383E+04,7.730354E-01,2.136176E+04,4.508365E-02,0.000000E+00,0.000000E+00,5.547646E-01,1.020152E+04,4.508365E-02,0.000000E+00,0.000000E+00,6.425154E-01,1.336469E+04,4.508365E-02,0.000000E+00,0.000000E+00
22:30:00,4.508365E-02,0.000000E+00,4.069862E-01,6.435656E+03,9.831336E+03,4.508365E-02,0.000000E+00,2.503579E-01,2.449453E+03,8.093965E+03,4.508365E-02,0.000000E+00,2.801142E-01,3.078353E+03,1.036091E+04,4.508365E-02,0.000000E+00,2.903295E-01,3.307312E+03,1.120514E+04,7.730405E-01,2.136190E+04,4.508365E-02,0.000000E+00,0.000000E+00,5.547672E-01,1.020157E+04,4.508365E-02,0.000000E+00,0.000000E+00,6.425229E-01,1.336484E+04,4.508365E-02,0.000000E+00,0.000000E+00
22:40:00,4.508365E-02,0.000000E+00,3.484049E-01,5.472961E+03,8.378926E+03,4.508365E-02,0.000000E+00,1.988245E-01,1.924515E+03,6.349949E+03,4.508365E-02,0.000000E+00,2.269888E-01,2.470841E+03,8.302262E+03,4.508365E-02,0.000000E+00,2.366989E-01,2.671678E+03,9.035961E+03,7.730454E-01,2.136203E+04,4.508365E-02,0.000000E+00,0.000000E+00,5.547698E-01,1.020161E+04,4.508365E-02,0.000000E+00,0.000000E+00,6.425301E-01,1.336499E+04,4.508365E-02,0.000000E+00,0.000000E+00
22:50:00,4.508365E-02,0.000000E+00,2.929382E-01,4.571091E+03,7.013629E+03,4.508365E-02,0.000000E+00,1.476561E-01,1.413826E+03,4.658116E+03,4.508365E-02,0.000000E+00,1.748100E-01,1.884619E+03,6.321990E+03,4.508365E-02,0.000000E+00,1.842262E-01,2.060184E+03,6.955855E+03,7.730501E-01,2.136216E+04,4.508365E-02,0.000000E+00,0.000000E+00,5.547722E-01,1.020166E+04,4.508365E-02,0.000000E+00,0.000000E+00,6.425371E-01,1.336514E+04,4.508365E-02,0.000000E+00,0.000000E+00
23:00:00,4.508365E-02,0.000000E+00,2.390961E-01,3.705976E+03,5.698928E+03,4.508365E-02,0.000000E+00,9.845433E-02,9.324405E+02,3.067674E+03,4.508365E-02,0.000000E+00,1.245150E-01,1.329400E+03,4.452163E+03,4.508365E-02,0.000000E+00,1.336044E-01,1.480145E+03,4.988951E+03,7.730546E-01,2.136229E+04,4.508365E-02,0.000000E+00,0.000000E+00,5.547746E-01,1.020170E+04,4.508365E-02,0.000000E+00,0.000000E+00,6.425439E-01,1.336528E+04,4.508365E-02,0.000000E+00,0.000000E+00
23:10:00,4.508365E-02,0.000000E+00,2.548392E-01,3.923403E+03,6.046890E+03,4.508365E-02,0.000000E+00,1.106927E-01,1.036798E+03,3.406161E+03,4.508365E-02,0.000000E+00,1.381939E-01,1.461025E+03,4.885006E+03,4.508365E-02,0.000000E+00,1.476104E-01,1.619910E+03,5.450829E+03,7.730591E-01,2.136241E+04,4.508365E-02,0.000000E+00,0.000000E+00,5.547768E-01,1.020174E+04,4.508365E-02,0.000000E+00,0.000000E+00,6.425506E-01,1.336542E+04,4.508365E-02,0.000000E+00,0.000000E+00
23:20:00,4.508365E-02,0.000000E+00,2.562313E-01,3.918101E+03,6.052494E+03,4.508365E-02,0.000000E+00,1.157885E-01,1.072447E+03,3.518347E+03,4.508365E-02,0.000000E+00,1.437150E-01,1.504401E+03,5.021920E+03,4.508365E-02,0.000000E+00,1.532324E-01,1.665619E+03,5.595261E+03,7.730634E-01,2.136253E+04,4.508365E-02,0.000000E+00,0.000000E+00,5.547790E-01,1.020178E+04,4.508365E-02,0.000000E+00,0.000000E+00,6.425572E-01,1.336556E+04,4.508365E-02,0.000000E+00,0.000000E+00
23:30:00,4.508365E-02,0.000000E+00,2.563441E-01,3.893079E+03,6.027722E+03,4.508365E-02,0.000000E+00,1.161427E-01,1.063609E+03,3.484548E+03,4.508365E-02,0.000000E+00,1.441658E-01,1.494078E+03,4.979497E+03,4.508365E-02,0.000000E+00,1.537084E-01,1.654756E+03,5.549554E+03,7.730676E-01,2.136265E+04,4.508365E-02,0.000000E+00,0.000000E+00,5.547812E-01,1.020182E+04,4.508365E-02,0.000000E+00,0.000000E+00,6.425636E-01,1.336569E+04,4.508365E-02,0.000000E+00,0.000000E+00
23:40:00,4.508365E-02,0.000000E+00,2.555637E-01,3.854563E+03,5.982016E+03,4.508365E-02,0.000000E+00,1.130556E-01,1.023542E+03,3.348741E+03,4.508365E-02,0.000000E+00,1.414113E-01,1.450777E+03,4.827543E+03,4.508365E-02,0.000000E+00,1.511203E-01,1.611126E+03,5.394360E+03,7.730717E-01,2.136276E+04,4.508365E-02,0.000000E+00,0.000000E+00,5.547832E-01,1.020186E+04,4.508365E-02,0.000000E+00,0.000000E+00,6.425699E-01,1.336582E+04,4.508365E-02,0.000000E+00,0.000000E+00
23:50:00,4.508365E-02,0.000000E+00,2.530529E-01,3.790291E+03,5.896158E+03,4.508365E-02,0.000000E+00,1.108559E-01,9.920605E+02,3.241417E+03,4.508365E-02,0.000000E+00,1.390119E-01,1.411657E+03,4.690025E+03,4.508365E-02,0.000000E+00,1.486779E-01,1.569574E+03,5.246689E+03,7.730758E-01,2.136288E+04,4.508365E-02,0.000000E+00,0.000000E+00,5.547852E-01,1.020190E+04,4.508365E-02,0.000000E+00,0.000000E+00,6.425761E-01,1.336595E+04,4.508365E-02,0.000000E+00,0.000000E+00
24:00:00,4.508365E-02,0.000000E+00,2.502114E-01,3.721624E+03,5.803168E+03,4.508365E-02,0.000000E+00,1.078299E-01,9.537303E+02,3.112102E+03,4.508365E-02,0.000000E+00,1.359560E-01,1.366439E+03,4.532777E+03,4.508365E-02,0.000000E+00,1.456108E-01,1.522003E+03,5.079475E+03,7.730797E-01,2.136298E+04,4.508365E-02,0.000000E+00,0.000000E+00,5.547872E-01,1.020193E+04,4.508365E-02,0.000000E+00,0.000000E+00,6.425821E-01,1.336608E+04,4.508365E-02,0.000000E+00,0.000000E+00
Coinc Peak   ,7.730797E-01,1.330002E+00,2.136298E+04,2.848675E+04
NonCoinc Peak,7.730797E-01,1.332572E+00,2.136298E+04,2.848675E+04
